department,candidate,list,votes,percentage
Ardennes,Florian Philippot,FN - RBM,33 690,38.54
Ardennes,Philippe Richert,LR - UDI - MoDem,25 240,28.87
Ardennes,Jean-Pierre Masseret,(PS) puis Divers gauche,13 776,15.76
Ardennes,Sandrine Belier,EELV - PRG,3 997,4.57
Ardennes,Laurent Jacobelli,DLF,3 996,4.57
Ardennes,Jean-Georges Trouillet,UL - AEI - PL - PM,715,0.82
Ardennes,Patrick Peron,FG - MRC- NGS,3 454,3.95
Ardennes,Julien Wostyn,LO,1 841,2.11
Ardennes,David Wentzel,UPR,709,0.81
Aube,Florian Philippot,FN - RBM,38 916,40.42
Aube,Philippe Richert,LR - UDI - MoDem,23 729,24.65
Aube,Jean-Pierre Masseret,(PS) puis Divers gauche,13 553,14.08
Aube,Sandrine Belier,EELV - PRG,5 259,5.46
Aube,Laurent Jacobelli,DLF,7 411,7.7
Aube,Jean-Georges Trouillet,UL - AEI - PL - PM,935,0.97
Aube,Patrick Peron,FG - MRC- NGS,3 972,4.13
Aube,Julien Wostyn,LO,1 500,1.56
Aube,David Wentzel,UPR,1 008,1.05
Marne,Florian Philippot,FN - RBM,64 273,37.29
Marne,Philippe Richert,LR - UDI - MoDem,44 497,25.82
Marne,Jean-Pierre Masseret,(PS) puis Divers gauche,27 390,15.89
Marne,Sandrine Belier,EELV - PRG,10 769,6.25
Marne,Laurent Jacobelli,DLF,11 068,6.42
Marne,Jean-Georges Trouillet,UL - AEI - PL - PM,2 241,1.3
Marne,Patrick Peron,FG - MRC- NGS,6 529,3.79
Marne,Julien Wostyn,LO,3 046,1.77
Marne,David Wentzel,UPR,2 539,1.47
Haute-Marne,Florian Philippot,FN - RBM,26 843,42.2
Haute-Marne,Philippe Richert,LR - UDI - MoDem,14 647,23.03
Haute-Marne,Jean-Pierre Masseret,(PS) puis Divers gauche,9 821,15.44
Haute-Marne,Sandrine Belier,EELV - PRG,3 279,5.16
Haute-Marne,Laurent Jacobelli,DLF,4 182,6.57
Haute-Marne,Jean-Georges Trouillet,UL - AEI - PL - PM,656,1.03
Haute-Marne,Patrick Peron,FG - MRC- NGS,2 225,3.5
Haute-Marne,Julien Wostyn,LO,1 240,1.95
Haute-Marne,David Wentzel,UPR,714,1.12
Meurthe-et-Moselle,Florian Philippot,FN - RBM,79 810,34.88
Meurthe-et-Moselle,Philippe Richert,LR - UDI - MoDem,46 661,20.39
Meurthe-et-Moselle,Jean-Pierre Masseret,(PS) puis Divers gauche,55 694,24.34
Meurthe-et-Moselle,Sandrine Belier,EELV - PRG,15 498,6.77
Meurthe-et-Moselle,Laurent Jacobelli,DLF,10 853,4.74
Meurthe-et-Moselle,Jean-Georges Trouillet,UL - AEI - PL - PM,2 507,1.1
Meurthe-et-Moselle,Patrick Peron,FG - MRC- NGS,11 333,4.95
Meurthe-et-Moselle,Julien Wostyn,LO,3 862,1.69
Meurthe-et-Moselle,David Wentzel,UPR,2 595,1.13
Meuse,Florian Philippot,FN - RBM,26 953,40.4
Meuse,Philippe Richert,LR - UDI - MoDem,13 487,20.21
Meuse,Jean-Pierre Masseret,(PS) puis Divers gauche,13 361,20.04
Meuse,Sandrine Belier,EELV - PRG,3 910,5.86
Meuse,Laurent Jacobelli,DLF,4 661,6.99
Meuse,Jean-Georges Trouillet,UL - AEI - PL - PM,809,1.21
Meuse,Patrick Peron,FG - MRC- NGS,1 760,2.64
Meuse,Julien Wostyn,LO,1 041,1.56
Meuse,David Wentzel,UPR,739,1.11
Moselle,Florian Philippot,FN - RBM,122 361,38.9
Moselle,Philippe Richert,LR - UDI - MoDem,69 429,22.07
Moselle,Jean-Pierre Masseret,(PS) puis Divers gauche,63 029,20.03
Moselle,Sandrine Belier,EELV - PRG,18 695,5.94
Moselle,Laurent Jacobelli,DLF,14 340,4.56
Moselle,Jean-Georges Trouillet,UL - AEI - PL - PM,6 665,2.12
Moselle,Patrick Peron,FG - MRC- NGS,10 490,3.34
Moselle,Julien Wostyn,LO,5 130,1.63
Moselle,David Wentzel,UPR,4 380,1.39
Bas-Rhin,Florian Philippot,FN - RBM,112 096,30.69
Bas-Rhin,Philippe Richert,LR - UDI - MoDem,121 613,33.29
Bas-Rhin,Jean-Pierre Masseret,(PS) puis Divers gauche,39 353,10.77
Bas-Rhin,Sandrine Belier,EELV - PRG,30 084,8.24
Bas-Rhin,Laurent Jacobelli,DLF,11 075,3.03
Bas-Rhin,Jean-Georges Trouillet,UL - AEI - PL - PM,36 776,10.07
Bas-Rhin,Patrick Peron,FG - MRC- NGS,8 291,2.27
Bas-Rhin,Julien Wostyn,LO,3 316,0.91
Bas-Rhin,David Wentzel,UPR,2 688,0.74
Haut-Rhin,Florian Philippot,FN - RBM,85 029,34.73
Haut-Rhin,Philippe Richert,LR - UDI - MoDem,68 509,27.98
Haut-Rhin,Jean-Pierre Masseret,(PS) puis Divers gauche,23 242,9.49
Haut-Rhin,Sandrine Belier,EELV - PRG,18 348,7.49
Haut-Rhin,Laurent Jacobelli,DLF,8 804,3.6
Haut-Rhin,Jean-Georges Trouillet,UL - AEI - PL - PM,30 950,12.64
Haut-Rhin,Patrick Peron,FG - MRC- NGS,4 931,2.01
Haut-Rhin,Julien Wostyn,LO,2 882,1.18
Haut-Rhin,David Wentzel,UPR,2 119,0.87
Vosges,Florian Philippot,FN - RBM,51 263,37.19
Vosges,Philippe Richert,LR - UDI - MoDem,31 400,22.78
Vosges,Jean-Pierre Masseret,(PS) puis Divers gauche,27 171,19.71
Vosges,Sandrine Belier,EELV - PRG,9 252,6.71
Vosges,Laurent Jacobelli,DLF,8 496,6.16
Vosges,Jean-Georges Trouillet,UL - AEI - PL - PM,1 893,1.37
Vosges,Patrick Peron,FG - MRC- NGS,4 180,3.03
Vosges,Julien Wostyn,LO,2 489,1.81
Vosges,David Wentzel,UPR,1 680,1.22
Charente,Jean-Francois Daure*,PS - PRG,31 961,26.7
Charente,Francoise Coutant,EELV,7 793,6.51
Charente,Xavier Bonnefont,LR - UDI - MoDem,33 452,27.94
Charente,Jean-Paul Berroyer,FN,30 107,25.15
Charente,Christophe Mauvillain,FDG,5 975,4.99
Charente,Dominique De Lorgeril,DLF,4 423,3.69
Charente,Olivier Nicolas,LO,1 992,1.66
Charente,Marie-Line Ramackers,La Vague Citoyenne,1 835,1.53
Charente,Sophie Jarry,ND,1 144,0.96
Charente,Guillaume Serrano,UPR,1 034,0.86
Charente-Maritime,Gerard Blanchard*,PS - PRG,55 923,24.67
Charente-Maritime,Stephane Trifiletti,EELV,14 165,6.25
Charente-Maritime,Herve Blanche,LR - UDI - MoDem,65 180,28.75
Charente-Maritime,Jean-Marc de Lacoste Lareymondie,FN,61 410,27.09
Charente-Maritime,Stephane Loth,DLF,9 370,4.13
Charente-Maritime,Brahim Jlalji,FDG,8 222,3.63
Charente-Maritime,Nicolas Mayer,La Vague Citoyenne,4 300,1.9
Charente-Maritime,Antoine Colin,LO,3 310,1.46
Charente-Maritime,Elisabeth Lacote,ND,2 657,1.17
Charente-Maritime,Jean-Philippe Alix,UPR,2 169,0.96
Correze,Philippe Nauche*,PS - PRG,27 200,28.94
Correze,Mümine Özsoy,EELV,4 203,4.47
Correze,Francoise Beziat,LR - UDI - MoDem,27 736,29.51
Correze,Agnes Tarraso,FN,19 356,20.59
Correze,Christian Audouin,FDG,7 197,7.66
Correze,Jean Pierre Faurie,DLF,3 540,3.77
Correze,Alain Gillie,La Vague Citoyenne,1 486,1.58
Correze,Marie-Therese Coinaud,LO,1 448,1.54
Correze,Jean-Claude Simiot,ND,911,0.97
Correze,Julien Magne,UPR,911,0.97
Creuse,Eric Correia*,PS - PRG,11 780,27.28
Creuse,Jerome Orvain,EELV,2 102,4.87
Creuse,Victor Cyril,LR - UDI - MoDem,11 750,27.21
Creuse,Martial Maume,FN,9 888,22.9
Creuse,Laurence Pache,FDG,3 368,7.8
Creuse,Damien Demarigny,DLF,1 736,4.02
Creuse,Jean-Jacques Lacarrere,LO,840,1.95
Creuse,Pierre-Emile Aeck,La Vague Citoyenne,756,1.75
Creuse,Philippe Gombert,UPR,481,1.11
Creuse,Yoanna Leon,ND,475,1.1
Deux-Sevres,Nathalie Lanzi*,PS - PRG,34 199,27.68
Deux-Sevres,Nicolas Gamache,EELV,9 067,7.34
Deux-Sevres,Christelle Chassagne,LR - UDI - MoDem,36 085,29.21
Deux-Sevres,Jean-Romee Charbonneau,FN,26 857,21.74
Deux-Sevres,Carl Gendreau,DLF,4 975,4.03
Deux-Sevres,Isabelle Godeau,FDG,4 202,3.4
Deux-Sevres,Michel Faure,La Vague Citoyenne,2 463,1.99
Deux-Sevres,Ludovic Szotowski,LO,2 151,1.74
Deux-Sevres,Alain Morisseau,ND,2 112,1.71
Deux-Sevres,Joseph Abi Nader,UPR,1 429,1.16
Dordogne,Pascal Deguilhem*,PS - PRG,52 154,32.13
Dordogne,Lionel Frel,EELV,7 972,4.91
Dordogne,Antoine Audi,LR - UDI - MoDem,38 221,23.55
Dordogne,Robert Dubois,FN,40 225,24.78
Dordogne,Laurent Perea,FDG,9 544,5.88
Dordogne,Pascal Billat,DLF,6 016,3.71
Dordogne,Brigitte Maton,La Vague Citoyenne,2 991,1.84
Dordogne,Anne-Isabelle Brivery,LO,2 218,1.37
Dordogne,Patrick Dumas,ND,1 581,0.97
Dordogne,Cecile Butet Jany,UPR,1 391,0.86
Gironde,Alain Rousset*,PS - PRG,172 628,33.83
Gironde,Nicolas Thierry,EELV,26 675,5.23
Gironde,Virginie Calmels,LR - UDI - MoDem,139 997,27.43
Gironde,Jacques Colombier,FN,113 895,22.32
Gironde,Vincent Maurin,FDG,20 659,4.05
Gironde,Tony Lambert,DLF,12 517,2.45
Gironde,Marie Bove,La Vague Citoyenne,8 743,1.71
Gironde,Johnny Hardy,ND,5 900,1.16
Gironde,Fanny Quandalle,LO,5 340,1.05
Gironde,Benoît Lamothe,UPR,3 942,0.77
Haute-Vienne,Gerard Vandenbroucke*,PS - PRG,40 681,30
Haute-Vienne,Jean-Louis Pages,EELV,7 375,5.44
Haute-Vienne,Guillaume Guerin,LR - UDI - MoDem,34 988,25.8
Haute-Vienne,Victor Gerard,FN,29 699,21.9
Haute-Vienne,Pascale Rome,FDG,10 669,7.87
Haute-Vienne,Philippe Germain,DLF,4 380,3.23
Haute-Vienne,Elisabeth Faucon,LO,2 386,1.76
Haute-Vienne,Michel Aucouturier,La Vague Citoyenne,2 351,1.73
Haute-Vienne,Jean Le Goff,ND,1 793,1.32
Haute-Vienne,Eva Szustakiewicz-Di Battista,UPR,1 301,0.96
Landes,Renaud Lagrave*,PS - PRG,54 583,35.33
Landes,Laurence Motoman,EELV,6 248,4.04
Landes,Pascale Requenna,LR - UDI - MoDem,40 410,26.16
Landes,Christian Houquet,FN,32 875,21.28
Landes,Alain Bache,FDG,7 851,5.08
Landes,Marie Pilar Losada-Lemarchand,DLF,4 779,3.09
Landes,Nora Azzouzi,La Vague Citoyenne,2 720,1.76
Landes,Guy Dupont,LO,1 893,1.23
Landes,Remi Backes,ND,1 695,1.1
Landes,Antoine da Costa,UPR,1 448,0.94
Lot-et-Garonne,Matthias Fekl*,PS - PRG,31 671,26.22
Lot-et-Garonne,Maryse Combres,EELV,5 900,4.88
Lot-et-Garonne,Etienne Bousquet Cassagne,FN,38 453,31.84
Lot-et-Garonne,Marie Costes,LR - UDI - MoDem,28 804,23.85
Lot-et-Garonne,Jose Gonzalez,FDG,5 165,4.28
Lot-et-Garonne,Yvon Setze,DLF,5 099,4.22
Lot-et-Garonne,Francois Gibert,La Vague Citoyenne,1 914,1.58
Lot-et-Garonne,Jean-Philippe Delcamp,LO,1 575,1.3
Lot-et-Garonne,Muriel Duhil,UPR,1 159,0.96
Lot-et-Garonne,Jacques Bozetie,ND,1 046,0.87
Pyrenees-Atlantique,Bernard Uthurry*,PS - PRG,76 424,32.79
Pyrenees-Atlantique,Alice Leiciaguecahar,EELV,13 589,5.83
Pyrenees-Atlantique,Monique Semavoine,LR - UDI - MoDem,65 875,28.27
Pyrenees-Atlantique,Jean-Michel Iratchet,FN,43 135,18.51
Pyrenees-Atlantique,Isabelle Larrouy,FDG,10 824,4.64
Pyrenees-Atlantique,Pascal Lesellier,DLF,7 292,3.13
Pyrenees-Atlantique,David Grosclaude,La Vague Citoyenne,6 304,2.71
Pyrenees-Atlantique,Frederic Pic,ND,3 942,1.69
Pyrenees-Atlantique,Mohamed El Mabati,LO,3 413,1.46
Pyrenees-Atlantique,Romain Doimo,UPR,2 245,0.96
Vienne,Jean-Francois Macaire*,PS - PRG,39 463,27.2
Vienne,Leonore Moncond'huy,EELV,10 693,7.37
Vienne,Olivier Chartier,LR - UDI - MoDem,40 002,27.57
Vienne,Alain Verdin,FN,34 721,23.93
Vienne,Myriam Rossignol,FDG,6 704,4.62
Vienne,Guillaume Verdier,DLF,5 149,3.55
Vienne,Ludovic Gaillard,LO,2 640,1.82
Vienne,Guy Eyermann,La Vague Citoyenne,2 452,1.69
Vienne,Amandine Brugiere,ND,1 708,1.18
Vienne,Sascha-Lou Rey Capdepon,UPR,1 540,1.06
Ain,Maxime Chaussat,FN,59 134,31.13
Ain,Etienne Blanc,LR - UDI - MoDem - PCD - CPNT,57 473,30.26
Ain,Jean-Francois Debat,PS - PRG - UDE - GE - Cap21 - MDP,43 631,22.97
Ain,Alain Chabrolle,EELV - PG - E! - ND - NGS,10 205,5.37
Ain,Georges Arpin,PCF - R&S - MRC,6 383,3.36
Ain,Olivier Eyraud,DLF,6 260,3.3
Ain,Jean-Marc Grosset,NC - PLD - PFE,2 649,1.39
Ain,Vincent Goutagny,LO,2 274,1.2
Ain,Jean-Philippe Archeny,UPR,1 924,1.01
Allier,Daniel Duglery,LR - UDI - MoDem - PCD - CPNT,39 643,33.07
Allier,Thibaut Monnier,FN,29 543,24.65
Allier,Jean-Michel Guerre,PS - PRG - UDE - GE - Cap21 - MDP,26 268,21.91
Allier,Yannick Monnet,PCF - R&S - MRC,11 877,9.91
Allier,Anne Babian-Lhermet,EELV - PG - E! - ND - NGS,5 179,4.32
Allier,Cathy Barbaut-Save,DLF,3 144,2.62
Allier,Michel Lachaume,LO,2 161,1.8
Allier,Vincent Salesse,NC - PLD - PFE,1 123,0.94
Allier,Ahmed Ghlamallah,UPR,934,0.78
Ardeche,Isabelle Massebeuf,LR - UDI - MoDem - PCD - CPNT,37 159,29.6
Ardeche,Herve Saulignac,PS - PRG - UDE - GE - Cap21 - MDP,32 900,26.2
Ardeche,Olivier Keller,EELV - PG - E! - ND - NGS,8 775,6.99
Ardeche,Francois Jacquard,PCF - R&S - MRC,7 368,5.87
Ardeche,Antoine Mellies,FN,32 348,25.76
Ardeche,Florence Gastal,DLF,3 046,2.43
Ardeche,Muriel Vander Donckt,LO,1 697,1.35
Ardeche,Regis Favier,NC - PLD - PFE,1 239,0.99
Ardeche,Adrian Grattessol,UPR,1 024,0.82
Cantal,Alain Marleix,LR - UDI - MoDem - PCD - CPNT,24 811,44.34
Cantal,Dominique Bru,PS - PRG - UDE - GE - Cap21 - MDP,12 554,22.44
Cantal,Jean-Paul Peuch,PCF - R&S - MRC,3 095,5.53
Cantal,Jean-Louis Benavent,EELV - PG - E! - ND - NGS,2 170,3.88
Cantal,Jean-Pierre Geoffroy,FN,9 723,17.38
Cantal,Francois Vermande,DLF,1 653,2.95
Cantal,Nicole Soulenq-Coussain,NC - PLD - PFE,804,1.44
Cantal,Claude Dufour,LO,788,1.41
Cantal,Gregory Pautrat,UPR,357,0.64
Drome,Thierry Seneclauze,FN,52 079,29.19
Drome,Nicolas Daragon,LR - UDI - MoDem - PCD - CPNT,49 284,27.62
Drome,Michel Gregoire,PS - PRG - UDE - GE - Cap21 - MDP,42 607,23.88
Drome,Corinne Morel Darleux,EELV - PG - E! - ND - NGS,14 446,8.1
Drome,Jean-Michel Bochaton,PCF - R&S - MRC,8 676,4.86
Drome,Damien Toumi,DLF,5 405,3.03
Drome,Adele Kopff,LO,2 345,1.31
Drome,Charles Coursac,NC - PLD - PFE,1 888,1.06
Drome,Alain Fedele,UPR,1 692,0.95
Isere,Bruno Desies,FN,108 884,27.67
Isere,Yannick Neuder,LR - UDI - MoDem - PCD - CPNT,103 160,26.21
Isere,Eliane Giraud,PS - PRG - UDE - GE - Cap21 - MDP,99 932,25.39
Isere,Myriam Laïdouni-Denis,EELV - PG - E! - ND - NGS,35 040,8.9
Isere,Jacqueline Madrennes,PCF - R&S - MRC,19 026,4.83
Isere,Nadine Nicolas,DLF,11 798,3
Isere,Sylvain Rosset,NC - PLD - PFE,6 878,1.75
Isere,Chantal Gomez,LO,5 234,1.33
Isere,Raphael Budin,UPR,3 602,0.92
Loire,Jean-Pierre Taite,LR - UDI - MoDem - PCD - CPNT,77 887,32.13
Loire,Sophie Robert,FN,69 028,28.48
Loire,Marie-Helene Riamon,PS - PRG - UDE - GE - Cap21 - MDP,53 894,22.23
Loire,Cecile Cukierman,PCF - R&S - MRC,14 289,5.89
Loire,Lela Bencharif,EELV - PG - E! - ND - NGS,12 886,5.32
Loire,Jacques Berlioz,DLF,6 583,2.72
Loire,Andre Moulin,LO,3 388,1.4
Loire,Paul Sordet,NC - PLD - PFE,2 719,1.12
Loire,Jean Pierre Delmau,UPR,1 734,0.72
Haute-Loire,Laurent Wauquiez,LR - UDI - MoDem - PCD - CPNT,49 725,51.7
Haute-Loire,Gilles Lacroix,FN,17 551,18.25
Haute-Loire,Andre Chapaveire,PS - PRG - UDE - GE - Cap21 - MDP,17 089,17.77
Haute-Loire,Yves Prat,PCF - R&S - MRC,4 366,4.54
Haute-Loire,Celine Gacon,EELV - PG - E! - ND - NGS,4 224,4.39
Haute-Loire,Denis Achon,DLF,1 372,1.43
Haute-Loire,Herve Lapeyre,LO,906,0.94
Haute-Loire,Clement Julliard,NC - PLD - PFE,557,0.58
Haute-Loire,Michael Masclet,UPR,394,0.41
Puy-de-Dome,Brice Hortefeux,LR - UDI - MoDem - PCD - CPNT,70 951,31.95
Puy-de-Dome,Alain Bussiere,PS - PRG - UDE - GE - Cap21 - MDP,55 907,25.17
Puy-de-Dome,Andre Chassaigne,PCF - R&S - MRC,26 041,11.73
Puy-de-Dome,Fatima Bezli,EELV - PG - E! - ND - NGS,12 602,5.67
Puy-de-Dome,Stanislas Chavelet,FN,43 836,19.74
Puy-de-Dome,Gerard Amblard,DLF,4 992,2.25
Puy-de-Dome,Xavier Chaabane,NC - PLD - PFE,3 132,1.41
Puy-de-Dome,Dominique Leclair,LO,3 104,1.4
Puy-de-Dome,Mathias Masclet,UPR,1 530,0.69
Rhone,Beatrice Berthoux,LR - UDI - MoDem - PCD - CPNT,53 982,34.1
Rhone,Jean-Pierre Barbier,FN,45 644,28.84
Rhone,Bernard Chaverot,PS - PRG - UDE - GE - Cap21 - MDP,33 062,20.89
Rhone,Jean-Charles Kohlhaas,EELV - PG - E! - ND - NGS,9 753,6.16
Rhone,Daniele Lebail,PCF - R&S - MRC,4 836,3.06
Rhone,Gerbert Rambaud,DLF,5 608,3.54
Rhone,Marielle Desmules,NC - PLD - PFE,2 531,1.6
Rhone,Chantal Helly,LO,1 475,0.93
Rhone,Christophe Blanc,UPR,1 398,0.88
Metropole de Lyon,Juliette Jarry,LR - UDI - MoDem - PCD - CPNT,110 894,31.04
Metropole de Lyon,Jean-Jack Queyranne*,PS - PRG - UDE - GE - Cap21 - MDP,102 437,28.67
Metropole de Lyon,Andrea Kotarac,EELV - PG - E! - ND - NGS,29 606,8.29
Metropole de Lyon,Raphael Debû,PCF - R&S - MRC,15 327,4.29
Metropole de Lyon,Christophe Boudot,FN,73 273,20.51
Metropole de Lyon,Eric Lafond,NC - PLD - PFE,9 510,2.66
Metropole de Lyon,Maguy Girerd,DLF,9 336,2.61
Metropole de Lyon,Olivier Minoux,LO,3 971,1.11
Metropole de Lyon,Bruno Petitjean,UPR,2 892,0.81
Savoie,Patrick Mignola,LR - UDI - MoDem - PCD - CPNT,42 148,29.62
Savoie,Jean-Marie Garcin,FN,39 380,27.67
Savoie,Thierry Repentin,PS - PRG - UDE - GE - Cap21 - MDP,32 986,23.18
Savoie,Alexandra Cusey,EELV - PG - E! - ND - NGS,10 921,7.67
Savoie,Antoine Fatiga,PCF - R&S - MRC,6 962,4.89
Savoie,Vincent Thomazo,DLF,4 792,3.37
Savoie,Camille Simon-Chautemps,NC - PLD - PFE,2 155,1.51
Savoie,Catherine Brun,LO,1 596,1.12
Savoie,Adrien Riondet,UPR,1 364,0.96
Haute-Savoie,Julie Gnuva,LR - UDI - MoDem - PCD - CPNT,78 544,34.75
Haute-Savoie,Vincent Lecaillon,FN,59 500,26.33
Haute-Savoie,Christian Dupessey,PS - PRG - UDE - GE - Cap21 - MDP,46 845,20.73
Haute-Savoie,Fabienne Grebert,EELV - PG - E! - ND - NGS,17 231,7.62
Haute-Savoie,Loris Fontana,PCF - R&S - MRC,7 028,3.11
Haute-Savoie,Jean-Philippe Deprez,DLF,7 549,3.34
Haute-Savoie,Cedric Borel,NC - PLD - PFE,4 002,1.77
Haute-Savoie,Andre Veyrat de Lachenal,UPR,2 878,1.27
Haute-Savoie,Jean-Paul Mace,LO,2 420,1.07
Cotes-d'Armor,Jean-Yves Le Drian,PS - PRG,80 061,33.42
Cotes-d'Armor,Marc Le Fur,LR,63 554,26.53
Cotes-d'Armor,Gilles Pennelle (en),FN,41 950,17.51
Cotes-d'Armor,Christian Troadec,MBP - UDB,15 911,6.64
Cotes-d'Armor,Rene Louail,EELV - BE,15 215,6.35
Cotes-d'Armor,Xavier Compain,FG,9 728,4.06
Cotes-d'Armor,Jean-Jacques Foucher,DLF,5 374,2.24
Cotes-d'Armor,Valerie Hamon,LO,3 516,1.47
Cotes-d'Armor,Jean-Francois Gourvenec,UPR,1 443,0.6
Cotes-d'Armor,Gael Roblin,Breizhistance,1 662,0.69
Cotes-d'Armor,Bertrand Deleon,PB - Indep.,1 161,0.48
Finistere,Jean-Yves Le Drian,PS - PRG,117 841,34.65
Finistere,Marc Le Fur,LR,76 346,22.45
Finistere,Gilles Pennelle (en),FN,56 185,16.52
Finistere,Christian Troadec,MBP - UDB,36 159,10.63
Finistere,Rene Louail,EELV - BE,20 257,5.96
Finistere,Xavier Compain,FG,13 277,3.9
Finistere,Jean-Jacques Foucher,DLF,8 621,2.53
Finistere,Valerie Hamon,LO,4 435,1.3
Finistere,Jean-Francois Gourvenec,UPR,2 747,0.81
Finistere,Gael Roblin,Breizhistance,2 305,0.68
Finistere,Bertrand Deleon,PB - Indep.,1 911,0.56
Ille-et-Vilaine,Jean-Yves Le Drian,PS - PRG,121 464,35.91
Ille-et-Vilaine,Marc Le Fur,LR,76 674,22.67
Ille-et-Vilaine,Gilles Pennelle (en),FN,61 444,18.17
Ille-et-Vilaine,Christian Troadec,MBP - UDB,12 431,3.68
Ille-et-Vilaine,Rene Louail,EELV - BE,28 556,8.44
Ille-et-Vilaine,Xavier Compain,FG,13 042,3.86
Ille-et-Vilaine,Jean-Jacques Foucher,DLF,12 137,3.59
Ille-et-Vilaine,Valerie Hamon,LO,5 226,1.55
Ille-et-Vilaine,Jean-Francois Gourvenec,UPR,3 540,1.05
Ille-et-Vilaine,Gael Roblin,Breizhistance,1 924,0.57
Ille-et-Vilaine,Bertrand Deleon,PB - Indep.,1 790,0.53
Morbihan,Jean-Yves Le Drian,PS - PRG,100 480,35.33
Morbihan,Marc Le Fur,LR,65 431,23.01
Morbihan,Gilles Pennelle (en),FN,58 896,20.71
Morbihan,Christian Troadec,MBP - UDB,16 226,5.71
Morbihan,Rene Louail,EELV - BE,16 488,5.8
Morbihan,Xavier Compain,FG,8 891,3.13
Morbihan,Jean-Jacques Foucher,DLF,8 784,3.09
Morbihan,Valerie Hamon,LO,3 268,1.15
Morbihan,Jean-Francois Gourvenec,UPR,2 682,0.94
Morbihan,Gael Roblin,Breizhistance,1 574,0.55
Morbihan,Bertrand Deleon,PB - Indep.,1 659,0.58
Cher,Philippe Fournie,PS - PRG- UDE *,22 776,21.84
Cher,Michelle Rivet,EELV *,5 867,5.63
Cher,Jean-Rene Coueille,FN,33 180,31.82
Cher,Laurence Renier,UDI - LR - MoDem41,23 699,22.73
Cher,Francois Dumon,PCF - MRC *,9 931,9.52
Cher,Alix Penloup,DLF,5 012,4.81
Cher,Eric Bellet,LO,2 090,2
Cher,Alain Rodric,UPR,1 724,1.65
Eure-et-Loir,Philippe Vigier,UDI - LR - MoDem41,43 765,31.48
Eure-et-Loir,Philippe Loiseau,FN,44 504,32.01
Eure-et-Loir,Harold Huwart (PRG),PS - PRG- UDE *,28 199,20.28
Eure-et-Loir,Mohamed Bougafer,EELV *,8 138,5.85
Eure-et-Loir,Jean-Pierre Deutsch,DLF,5 855,4.21
Eure-et-Loir,Fabien Lecomte,PCF - MRC *,4 137,2.98
Eure-et-Loir,Marie-Jose Aubert,LO,2 394,1.72
Eure-et-Loir,Clement Dumons,UPR,2 046,1.47
Indre,Dominique Roullet,PS - PRG- UDE *,21 088,25.77
Indre,Caroline Gauthier,EELV *,4 868,5.95
Indre,Nicolas Forissier,UDI - LR - MoDem41,21 743,26.57
Indre,Matthieu Colombier,FN,24 717,30.21
Indre,Michel Fradet,PCF - MRC *,3 756,4.59
Indre,Eric Thevenin,DLF,2 955,3.61
Indre,Veronique Gelinaud,LO,1 672,2.04
Indre,Jacques Charpentier,UPR,1 025,1.25
Indre-et-Loire,Jean-Patrick Gille,PS - PRG- UDE *,54 638,27.35
Indre-et-Loire,Benoît Faucheux,EELV *,16 549,8.28
Indre-et-Loire,Claude Greff,UDI - LR - MoDem41,51 155,25.61
Indre-et-Loire,Daniel Fraczak,FN,52 308,26.18
Indre-et-Loire,Patrice Court-Fortune,DLF,9 949,4.98
Indre-et-Loire,Jean-Michel Bodin,PCF - MRC *,8 856,4.43
Indre-et-Loire,Jean-Jacques Prodhomme,LO,3 428,1.72
Indre-et-Loire,Saïd Harek,UPR,2 900,1.45
Loir-et-Cher,Guillaume Peltier,UDI - LR - MoDem41,30 860,25.7
Loir-et-Cher,Marc Gricourt,PS - PRG- UDE *,28 662,23.87
Loir-et-Cher,Charles Fournier,EELV *,7 730,6.44
Loir-et-Cher,Michel Chassier,FN,38 844,32.34
Loir-et-Cher,Yves Chantereau,DLF,5 541,4.61
Loir-et-Cher,Monique Raynaud,PCF - MRC *,4 791,3.99
Loir-et-Cher,Claude Lamy,LO,1 966,1.64
Loir-et-Cher,Remy Meneau,UPR,1 702,1.42
Loiret,Francois Bonneau,PS - PRG- UDE *,53 661,24.97
Loiret,Christelle de Cremiers,EELV *,13 602,6.33
Loiret,Jacques Martinet,UDI - LR - MoDem41,54 555,25.38
Loiret,Charles de Gevigney,FN,68 603,31.92
Loiret,Catherine de Metz,DLF,10 110,4.7
Loiret,Marc Brynhole,PCF - MRC *,7 982,3.71
Loiret,Anouar Ziani,UPR,3 362,1.56
Loiret,Claude Trepka,LO,3 062,1.42
Guadeloupe,Ary Chalus5,GUSR,61 173,43.55
Guadeloupe,Victorin Lurel5,FGPS-CELV-PPDG,57 717,41.09
Guadeloupe,Laurent Bernier5,LR-UDI,6 312,4.49
Guadeloupe,Melina Seymour5,AG,4 470,3.18
Guadeloupe,Alain Plaisir5,CIPPA,2 603,1.85
Guadeloupe,Henri Yoyotte5,DVD,2 220,1.58
Guadeloupe,Jean-Marie Nomertin5,CO,1 992,1.42
Guadeloupe,Stephan Viennet5,FN,1 973,1.4
Guadeloupe,Mona Cadoce5,PCG,1 297,0.92
Guadeloupe,Marie-Christine Mirre-Quidal5,UPLG,697,0.5
Guyane,Rodolphe Alexandre,GR,15 298,42.35
Guyane,Alain Tien-Liong,MDES,10 924,30.24
Guyane,Chantal Berthelot,AGEG - PSG,3 067,8.49
Guyane,Line Letard,Walwari - GELV,2 565,7.1
Guyane,Fabien Canavy,MDES,2 063,5.71
Guyane,Louis Budoc,LR - UDI,1 114,3.08
Guyane,Muriel Icare Nourel,DVD,573,1.59
Guyane,Jean-Marie Taubira,PPG,349,0.97
Guyane,Sylvio Letard,DIG,174,0.48
Ariege,Kamal Chibli,PS - PRG - MRC - GE,18 302,31.3
Ariege,Francois Calvet,EELV - FG - NGS - POC - ERC,7 766,13.28
Ariege,Bernard Gondran,FN,16 628,28.44
Ariege,Philippe Calleja,LR - UDI - MoDem - CPNT,8 829,15.1
Ariege,Jean-Etienne Hannequin,DLF,1 957,3.35
Ariege,Gisele Lapeyre,LO,1 449,2.48
Ariege,Michel Galesi,DVG,1 161,1.99
Ariege,Julienne Mukabucyana,UDE - Cap21 - PNO,998,1.71
Ariege,Laurent Gauthier,ND,502,0.86
Ariege,Philippe Fraisse,EXD,499,0.85
Ariege,Pascal Brouet,UPR,382,0.65
Aude,Helene Giral,PS - PRG - MRC - GE,36 272,25.99
Aude,Patric Roux,EELV - FG - NGS - POC - ERC,12 747,9.14
Aude,Christophe Barthes,FN,51 705,37.06
Aude,Michel Py,LR - UDI - MoDem - CPNT,20 658,14.81
Aude,Serge Loubet,DVG,5 662,4.06
Aude,Herve Boissonade,DLF,4 999,3.58
Aude,Dominique Galonnier,LO,2 732,1.96
Aude,Michel Cornuet,UDE - Cap21 - PNO,1 810,1.3
Aude,Bernadette Mengual,EXD,1 118,0.8
Aude,Marc Casademont,ND,991,0.71
Aude,Patrick Ramirez,UPR,829,0.59
Aveyron,Stephane Berard,PS - PRG - MRC - GE,28 357,25.5
Aveyron,Guilhem Serieys,EELV - FG - NGS - POC - ERC,11 214,10.08
Aveyron,Dominique Reynie,LR - UDI - MoDem - CPNT,33 952,30.53
Aveyron,Jean-Guillaume Remise,FN,24 180,21.74
Aveyron,Fabien Lombard,DLF,4 024,3.62
Aveyron,Regis Cailhol,DVG,3 913,3.52
Aveyron,Clotilde Barthelemy,LO,1 824,1.64
Aveyron,Jacqueline Dufour,UDE - Cap21 - PNO,1 540,1.38
Aveyron,Benoît de la Sayette,EXD,822,0.74
Aveyron,Loïc Massebiau,UPR,711,0.64
Aveyron,Danielle Perrenot,ND,682,0.61
Gard,Julien Sanchez,FN,104 929,40.64
Gard,Damien Alary,PS - PRG - MRC - GE,46 068,17.84
Gard,Vincent Bouget,EELV - FG - NGS - POC - ERC,24 292,9.41
Gard,Christophe Rivenq,LR - UDI - MoDem - CPNT,44 533,17.25
Gard,Eric Doulcier,DVG,12 724,4.93
Gard,Jean Isnard,DLF,9 868,3.82
Gard,Christophe Cavard,UDE - Cap21 - PNO,5 359,2.08
Gard,Isabelle Leclerc,LO,4 696,1.82
Gard,Thierry Barnabe,UPR,2 043,0.79
Gard,Jean Miclot,EXD,1 846,0.72
Gard,Gaetan Guichard,ND,1 821,0.71
Haute-Garonne,Carole Delga,PS - PRG - MRC - GE,138 513,31.91
Haute-Garonne,Gerard Onesta,EELV - FG - NGS - POC - ERC,50 635,11.66
Haute-Garonne,Maïthe Carsalade,FN,107 711,24.81
Haute-Garonne,Vincent Terrail-Noves,LR - UDI - MoDem - CPNT,84 796,19.53
Haute-Garonne,Damien Lempereur,DLF,17 046,3.93
Haute-Garonne,Mathide Tolsan,DVG,8 643,1.99
Haute-Garonne,Marie-Ange Billot,UDE - Cap21 - PNO,8 583,1.98
Haute-Garonne,Sandra Torremocha,LO,7 319,1.69
Haute-Garonne,Christophe Rudelle,ND,4 965,1.14
Haute-Garonne,Romain Roumieu,UPR,3 350,0.77
Haute-Garonne,Marie-Claire Danen,EXD,2 556,0.59
Gers,Jean-Louis Guilhaumon,PS - PRG - MRC - GE,22 576,30.24
Gers,Fatma Adda,EELV - FG - NGS - POC - ERC,6 902,9.24
Gers,Jean-Luc Yelma,FN,19 673,26.35
Gers,Gerard Dubrac,LR - UDI - MoDem - CPNT,14 875,19.92
Gers,Bruno Dienot,DLF,4 046,5.42
Gers,Alexis Boudaud Anduaga,UDE - Cap21 - PNO,1 528,2.05
Gers,Tristan Lalanne,LO,1 499,2.01
Gers,Etienne Verret,DVG,1 479,1.98
Gers,Pierre-Henri Laborde,ND,740,0.99
Gers,Bernard Bouhours,UPR,700,0.94
Gers,Virginie Bouguereau,EXD,645,0.86
Herault,Virginie Roziere,PS - PRG - MRC - GE,64 714,16.83
Herault,Muriel Ressiguier,EELV - FG - NGS - POC - ERC,37 392,9.72
Herault,Gerard Prato,FN,138 091,35.9
Herault,Stephan Rossignol,LR - UDI - MoDem - CPNT,60 783,15.8
Herault,Philippe Saurel,DVG,51 084,13.28
Herault,Michel Colas,DLF,12 873,3.35
Herault,Sabria Bouallaga,UDE - Cap21 - PNO,6 012,1.56
Herault,Maurice Chaynes,LO,5 891,1.53
Herault,Gilles Fabre,ND,2 825,0.73
Herault,Jean-Claude Martinez,EXD,2 552,0.66
Herault,Thomas Hirsch,UPR,2 397,0.62
Lot,Vincent Labarthe,PS - PRG - MRC - GE,22 330,31.73
Lot,Marie Pique,EELV - FG - NGS - POC - ERC,8 089,11.5
Lot,Aurelien Pradie,LR - UDI - MoDem - CPNT,15 493,22.02
Lot,Emmanuel Crenne,FN,15 031,21.36
Lot,Bernard Brugalieres,DLF,2 983,4.24
Lot,Marie-Odile Delcamp,DVG,2 256,3.21
Lot,Vincent Combes,LO,1 384,1.97
Lot,Paul Yobo,UDE - Cap21 - PNO,1 236,1.76
Lot,Edouard Foucaud,ND,637,0.91
Lot,Dominique Durand,EXD,486,0.69
Lot,Cyrille Garcia,UPR,441,0.63
Lozere,Aurelie Maillols,PS - PRG - MRC - GE,7 750,24.98
Lozere,Corinne Sauvion,EELV - FG - NGS - POC - ERC,3 042,9.8
Lozere,Jean de Lescure,LR - UDI - MoDem - CPNT,8 408,27.1
Lozere,Jean-Francois Pardigon,FN,7 311,23.56
Lozere,Alain Argilier,DVG,1 621,5.22
Lozere,Loïc Marchand,DLF,1 327,4.28
Lozere,Caroline Poupard,LO,482,1.55
Lozere,Christian Roux,UDE - Cap21 - PNO,419,1.35
Lozere,Magali Comte-Grognard,ND,244,0.79
Lozere,Jean-Luc Bouchereau,EXD,214,0.69
Lozere,Pascal Canet,UPR,209,0.67
Hautes-Pyrenees,Pascale Peraldi,PS - PRG - MRC - GE,25 609,30.4
Hautes-Pyrenees,Yolande Guinle,EELV - FG - NGS - POC - ERC,10 314,12.25
Hautes-Pyrenees,Olivier Monteil,FN,20 226,24.01
Hautes-Pyrenees,Gerard Tremege,LR - UDI - MoDem - CPNT,16 045,19.05
Hautes-Pyrenees,Patrick Saffores,DLF,4 526,5.37
Hautes-Pyrenees,Jean-Pierre Artiganave,DVG,2 127,2.53
Hautes-Pyrenees,Francois Meunier,LO,2 125,2.52
Hautes-Pyrenees,Fabienne Lada,UDE - Cap21 - PNO,1 359,1.61
Hautes-Pyrenees,Jean-Paul Dewaele,ND,690,0.82
Hautes-Pyrenees,Herve Sens,EXD,620,0.74
Hautes-Pyrenees,Robert Aignan,UPR,588,0.7
Pyrenees-Orientales,Jean-Francois Fons,FN,69 688,41.7
Pyrenees-Orientales,Jacques Cresta,PS - PRG - MRC - GE,31 887,19.08
Pyrenees-Orientales,Agnes Langevine,EELV - FG - NGS - POC - ERC,15 879,9.5
Pyrenees-Orientales,Bernard Dupont,LR - UDI - MoDem - CPNT,29 084,17.4
Pyrenees-Orientales,Sebastien Menard,DLF,5 953,3.56
Pyrenees-Orientales,Jean-Louis Demelin,DVG,5 490,3.28
Pyrenees-Orientales,Pascale Advenard,LO,3 345,2
Pyrenees-Orientales,Menouar Benfodda,UDE - Cap21 - PNO,2 334,1.4
Pyrenees-Orientales,Blandine Urbanski,UPR,1 258,0.75
Pyrenees-Orientales,Michel Chastaing,ND,1 115,0.67
Pyrenees-Orientales,Pierre Aloy,EXD,1 098,0.66
Tarn,Claire Fita,PS - PRG - MRC - GE,38 275,25.7
Tarn,Guillaume Cros,EELV - FG - NGS - POC - ERC,14 302,9.61
Tarn,Jean-Paul Piloz,FN,45 901,30.83
Tarn,Bernard Carayon,LR - UDI - MoDem - CPNT,31 265,21
Tarn,Jean-Marc Bardou,DLF,6 821,4.58
Tarn,Pierre Verdier,DVG,4 178,2.81
Tarn,Chantal Tressens,LO,2 724,1.83
Tarn,Laurence Guinamant,UDE - Cap21 - PNO,2 351,1.58
Tarn,Michel Bernadou,ND,1 128,0.76
Tarn,Jean-Francois Lacombe,EXD,979,0.66
Tarn,Reynald Vadepied,UPR,977,0.66
Tarn-et-Garonne,Sylvia Pinel,PS - PRG - MRC - GE,20 668,22.68
Tarn-et-Garonne,Serge Regourd,EELV - FG - NGS - POC - ERC,8 028,8.81
Tarn-et-Garonne,Thierry Viallon,FN,32 478,35.65
Tarn-et-Garonne,Thierry Deville,LR - UDI - MoDem - CPNT,18 260,20.04
Tarn-et-Garonne,Morgan Lenglet,DLF,3 952,4.34
Tarn-et-Garonne,Rose Velay Cambon,DVG,2 389,2.62
Tarn-et-Garonne,Richard Blanco,LO,1 711,1.88
Tarn-et-Garonne,Jerome Piques,UDE - Cap21 - PNO,1 410,1.55
Tarn-et-Garonne,Gerard Jaeger,ND,753,0.83
Tarn-et-Garonne,Pierre Verdier,EXD,738,0.81
Tarn-et-Garonne,Bernard Zanusso,UPR,716,0.79
La Reunion,Didier Robert,LR-UDI-OR,107 281,40.36
La Reunion,Huguette Bello,PLR-PS-EELV-MCR-UDSA,63 248,23.8
La Reunion,Thierry Robert,MoDem,54 021,20.32
La Reunion,Patrick Lebreton,PS-PCR,18 919,7.12
La Reunion,Joseph Grondin,FN,6 355,2.39
La Reunion,Jean-Hugues Ratenon,ARCP,4 484,1.69
La Reunion,Mathias Payet,CTAS,3 895,1.47
La Reunion,Rene-Paul Victoria,LR,2 704,1.02
La Reunion,Aniel Boyer,NR,1 382,0.52
La Reunion,David Appadoo,UPR,1 264,0.48
La Reunion,Jean-Yves Payet,LO,1 263,0.48
La Reunion,Jean-Jack Morel,DLF,978,0.37
Martinique,Serge Letchimy4,PPM-FSM-MPF-BPM-PRM10,47 002,38.96
Martinique,Alfred Marie-Jeanne4,MIM-RDM-Palima-PCM11,36 523,30.28
Martinique,Yan Monplaisir4,LR-MoDem-FMP,17 272,14.32
Martinique,Marcellin Nadeau4,MODEMAS-GRS-CNCP12,7653,6.34
Martinique,Nathalie Jos4,MC,3868,3.21
Martinique,Joseph Virassamy13,DVD,2475,2.05
Martinique,Ghislaine Joachim-Arnaud4,CO,2460,2.04
Martinique,Philippe Petit4,UDI14,1818,1.51
Martinique,Daniel Gromat15,MPTSVM,1558,1.29
Aisne,Paul-Henry Hansen-Catta,FN,87 229,43.55
Aisne,Xavier Bertrand,LR - UDI - MoDem - CNIP - CPNT83,58 111,29.02
Aisne,Anne Ferreira,PS - PRG -  MRC - UDE - MEI - MDP84,27 657,13.81
Aisne,Benoît Roger,PCF - E! - R&S - CC85.86,8 085,4.04
Aisne,Dominique Jourdain,EELV - PG - ND - NGS21,7 881,3.94
Aisne,Philippe Douchain,DLF,4 786,2.39
Aisne,Anne Zanditenas,LO,3 389,1.69
Aisne,William Landa,NC12,2 198,1.1
Aisne,Marcel Marchand,UPR,941,0.47
Oise,Michel Guiniot,FN,122 031,42.08
Oise,Eric Woerth,LR - UDI - MoDem - CNIP - CPNT83,77 746,26.81
Oise,Beatrice Lejeune,PS - PRG -  MRC - UDE - MEI - MDP84,42 695,14.72
Oise,Marie-Laure Darrigade,EELV - PG - ND - NGS21,14 710,5.07
Oise,Thierry Aury,PCF - E! - R&S - CC85.86,12 871,4.44
Oise,Roland Guillaux,DLF,8 334,2.87
Oise,Roland Szpirko,LO,4 688,1.62
Oise,Sebastien Veron,NC12,4 630,1.6
Oise,Kamel Katache,UPR,2 299,0.79
Somme,Sebastien Chenu,FN,93 211,41.02
Somme,Brigitte Foure,LR - UDI - MoDem - CNIP - CPNT83,59 845,26.33
Somme,Nicolas Dumont,PS - PRG -  MRC - UDE - MEI - MDP84,39 239,17.27
Somme,Nathalie Marchand,PCF - E! - R&S - CC85.86,11 137,4.9
Somme,Dominique Theo,EELV - PG - ND - NGS21,9 441,4.15
Somme,Nicolas Lottin,DLF,6 573,2.89
Somme,Bruno Paleni,LO,3 858,1.7
Somme,Thomas Porquet,NC12,2 787,1.23
Somme,Gerard Daulle,UPR,1 163,0.51
Nord,Philippe Eymery,FN,341 833,37.04
Nord,Valerie Letard,LR - UDI - MoDem - CNIP - CPNT83,239 996,26.01
Nord,Pierre de Saintignon,PS - PRG -  MRC - UDE - MEI - MDP84,179 185,19.42
Nord,Fabien Roussel,PCF - E! - R&S - CC85.86,56 194,6.09
Nord,Laurent Matejko,EELV - PG - ND - NGS21,49 596,5.37
Nord,Francois Dubout,DLF,20 335,2.2
Nord,Eric Pecqueur,LO,15 464,1.68
Nord,Sylvain Blondel,NC12,13 724,1.49
Nord,Soufyane Souchi,UPR,6 466,0.7
Pas-de-Calais,Marine Le Pen,FN,264 731,44.38
Pas-de-Calais,Natacha Bouchart,LR - UDI - MoDem - CNIP - CPNT83,122 722,20.57
Pas-de-Calais,Frederic Cuvillier,PS - PRG -  MRC - UDE - MEI - MDP84,116 423,19.52
Pas-de-Calais,Cathy Apourceau-Poly,PCF - E! - R&S - CC85.86,30 794,5.16
Pas-de-Calais,Marine Tondelier,EELV - PG - ND - NGS21,26 365,4.42
Pas-de-Calais,Benoit Dolle,DLF,13 331,2.24
Pas-de-Calais,Francoise Millot,LO,11 642,1.95
Pas-de-Calais,Josette Dautriche,NC12,6 980,1.17
Pas-de-Calais,Eric Mascaro,UPR,3 476,0.58
Eure,Herve Morin,UDI - LR - MoDem - CPNT49.25,58 493,28.37
Eure,Timothee Houssin,FN,69 244,33.58
Eure,Marc-Antoine Jamet,PS - PRG - mdP50,41 827,20.28
Eure,Jean-Luc Lecomte,FG,11 659,5.65
Eure,Laetitia Sanchez,EELV,10 846,5.26
Eure,Nicolas Calbrix,DLF,7 765,3.77
Eure,Melanie Peyraud,LO,3 351,1.63
Eure,Remy Portier,UPR,1 775,0.86
Eure,Yves Soret,ND,1 243,0.6
Seine-Maritime,Nicolas Mayer-Rossignol*,PS - PRG - mdP50,102 783,24.54
Seine-Maritime,Sebastien Jumel51,FG,42 682,10.19
Seine-Maritime,Claude Taleb,EELV,21 960,5.24
Seine-Maritime,Francoise Guegot,UDI - LR - MoDem - CPNT49.25,104 310,24.91
Seine-Maritime,Nicolas Bay,FN,117 266,28
Seine-Maritime,Patrick Bucourt,DLF,14 946,3.57
Seine-Maritime,Valerie Foissey,LO,8 201,1.96
Seine-Maritime,Laurent Montaron,UPR,3 655,0.87
Seine-Maritime,Nicolas Huet de Barros,ND,3 006,0.72
Calvados,Rodolphe Thomas,UDI - LR - MoDem - CPNT49.25,74 194,30.85
Calvados,Raphael Chauvois,PS - PRG - mdP50,57 569,23.94
Calvados,Caroline Amiel,EELV,17 771,7.39
Calvados,Aurelien Guidi,FG,13 411,5.58
Calvados,Christelle Lechevalier,FN,57 524,23.92
Calvados,Anne Boissel,DLF,10 912,4.54
Calvados,Pierre Casevitz,LO,4 357,1.81
Calvados,Florent Herouard,ND,2 423,1.01
Calvados,Terence Domer-Marie,UPR,2 307,0.96
Manche,David Margueritte,UDI - LR - MoDem - CPNT49.25,53 121,30.23
Manche,Stephane Travert,PS - PRG - mdP50,43 161,24.56
Manche,Francois Dufour,EELV,12 179,6.93
Manche,Valerie Varenne,FG,8 796,5.01
Manche,Jean-Jacques Noel,FN,43 117,24.54
Manche,Olivier Pjanic,DLF,8 784,5
Manche,Christophe Garcia,LO,3 168,1.8
Manche,Claude Mace,UPR,1 798,1.02
Manche,Alexandra Lecoeur,ND,1 610,0.92
Orne,Bertrand Deniaud,UDI - LR - MoDem - CPNT49.25,29 239,28.34
Orne,Laurent Beauvais,PS - PRG - mdP50,23 782,23.05
Orne,Yanic Soubien,EELV,7 467,7.24
Orne,Jean-Claude Marie,FG,4 039,3.91
Orne,Lionel Stiefel,FN,29 966,29.04
Orne,Claudine Prod'Homme,DLF,4 984,4.83
Orne,Charlotte Sechet,LO,1 898,1.84
Orne,Jean-Christophe Loutre,UPR,1 102,1.07
Orne,Germain Do Marcolino,ND,707,0.69
Loire-Atlantique,Christophe Clergeau,PS-PRG-UDE-GE-Cap21-ES,143 513,30.64
Loire-Atlantique,Franck Nicolon,EELV,44 157,9.43
Loire-Atlantique,Laurence Garnier,LR-UDI-MoDem-CPNT-MPF,137 503,29.36
Loire-Atlantique,Samuel Potier,FN,83 172,17.76
Loire-Atlantique,Veronique Mahe,PCF-MRC,17 531,3.74
Loire-Atlantique,Sophie Van Goethem,DLF,16 842,3.6
Loire-Atlantique,Gilles Denigot,UDB-MBP-PB,12 497,2.67
Loire-Atlantique,Eddy Le Beller,LO,6 543,1.4
Loire-Atlantique,Alain Parisot,UPR,5 578,0.58
Loire-Atlantique,Chantal Girardin,EXG,988,0.21
Maine-et-Loire,Paul Jeanneteau,LR-UDI-MoDem-CPNT-MPF,87 879,33.69
Maine-et-Loire,Stella Dupont,PS-PRG-UDE-GE-Cap21-ES,64 591,24.77
Maine-et-Loire,Christelle Cardet,EELV,21 419,8.21
Maine-et-Loire,Aymeric Merlaud,FN,57 655,22.11
Maine-et-Loire,Jean-Jacques Guibert,DLF,11 443,4.39
Maine-et-Loire,Alain Pagano,PCF-MRC,8 521,3.27
Maine-et-Loire,Celine L'Huillier,LO,4 332,1.66
Maine-et-Loire,Emmanuel Rouger,UPR,3 696,1.42
Maine-et-Loire,Martine Iliou,UDB-MBP-PB,1 043,0.4
Maine-et-Loire,Samuel Magaud,EXG,232,0.09
Mayenne,Yannick Favennec Becot,UDI-LR-MoDem-CPNT-MPF,35 738,36.05
Mayenne,Jean-Pierre Le Scornet,PS-PRG-UDE-GE-Cap21-ES,22 860,23.06
Mayenne,Mael Rannou,EELV,7 185,7.25
Mayenne,Bruno de la Moriniere,FN,21 771,21.96
Mayenne,Alain Guinoiseau,DLF,4 943,4.99
Mayenne,Aurelien Guillot,PCF-MRC,2 702,2.73
Mayenne,Martine Amelin,LO,1 621,1.64
Mayenne,Luccio Stiz,UPR,1 596,1.61
Mayenne,Marc-Andre Le Lem,UDB-MBP-PB,633,0.64
Mayenne,Frederique Jousselin,EXG,89,0.09
Sarthe,Pascal Gannat,FN,55 405,29.67
Sarthe,Christelle Morancais,LR-UDI-MoDem-CPNT-MPF,47 767,25.58
Sarthe,Olivier Biencourt,PS-PRG-UDE-GE-Cap21-ES,45 187,24.19
Sarthe,Sophie Bringuy,EELV,12 641,6.77
Sarthe,Cecile Bayle de Jesse,DLF,9 828,5.26
Sarthe,Christophe Arnaudy,PCF-MRC,7 395,3.96
Sarthe,Yves Cheere,LO,3 277,1.75
Sarthe,Eric Lemesre,UPR,3 295,1.76
Sarthe,Nelly Guet,UDB-MBP-PB,1 229,0.66
Sarthe,Vincent Picavez,EXG,732,0.39
Vendee,Bruno Retailleau,LR-UDI-MoDem-CPNT-MPF,116 165,45.71
Vendee,Brigitte Neveux,FN,52 930,20.83
Vendee,Stephane Ibarra,PS-PRG-UDE-GE-Cap21-ES,50 663,19.93
Vendee,Lucie Etonno,EELV,13 859,5.45
Vendee,Isabelle Gallot,DLF,8 837,3.48
Vendee,Caroline Pottier,PCF-MRC,6 150,2.42
Vendee,Gilles Robin,LO,2 858,1.12
Vendee,Jocelyn Mathubert,UPR,1 859,0.73
Vendee,Valerie Pelletier,UDB-MBP-PB,698,0.27
Vendee,Christine Picavez,EXG,123,0.05
Alpes-de-Haute-Provence,Jeannine Douzon,FN,24 083,34.91
Alpes-de-Haute-Provence,Eliane Barreille,LR-UDI-MoDem,13 158,19.07
Alpes-de-Haute-Provence,Christophe Castaner,PS-PRG-MRC-UDE,20 467,29.67
Alpes-de-Haute-Provence,Colette Charriau,EELV-PCF-PG-E!,5 127,7.43
Alpes-de-Haute-Provence,Michel Francois,AEI,2 367,3.43
Alpes-de-Haute-Provence,Marie-Anne Baudoui-Maurel,DLF,1 447,2.1
Alpes-de-Haute-Provence,Nathalie Malhole,LO,1 035,1.5
Alpes-de-Haute-Provence,Michel Blume,LS-PDF,478,0.69
Alpes-de-Haute-Provence,Hubert De Pourquery,ND,454,0.66
Alpes-de-Haute-Provence,Paul-Henri Tartanson,UPR,370,0.54
Hautes-Alpes,Amaury Navarranne,FN,19 250,32.58
Hautes-Alpes,Chantal Eymeoud,UDI-LR-MoDem,14 500,24.54
Hautes-Alpes,Christophe Pierrel,PS-PRG-MRC-UDE,13 597,23.01
Hautes-Alpes,Thierry Baud,EELV-PCF-PG-E!,5 569,9.43
Hautes-Alpes,Marcelle Buchlin,AEI,2 617,4.43
Hautes-Alpes,Catherine Mellan,DLF,1 192,2.02
Hautes-Alpes,Frederic Kechra,LO,934,1.58
Hautes-Alpes,Olivier Baudry de Vaux,LS-PDF,513,0.87
Hautes-Alpes,Valerie Mouette,ND,499,0.84
Hautes-Alpes,Judicael Rougon,UPR,411,0.7
Alpes-Maritimes,Christian Estrosi,LR-UDI-MoDem,148 835,37.91
Alpes-Maritimes,Olivier Bettati,FN,148 802,37.9
Alpes-Maritimes,Patrick Allemand,PS-PRG-MRC-UDE,47 481,12.09
Alpes-Maritimes,Cecile Dumas,PCF-PG-E!-EELV,16 961,4.32
Alpes-Maritimes,Jean-Marc Governatori,AEI,14 562,3.71
Alpes-Maritimes,Gael Nofri,DLF,6 933,1.77
Alpes-Maritimes,Daniele Bartoli,LO,3 881,0.99
Alpes-Maritimes,Lydia Schenardi,LS-PDF,1 700,0.49
Alpes-Maritimes,Dominique Manigand Gorzala,ND,1 932,0.43
Alpes-Maritimes,Eric Boizet,UPR,1 537,0.39
Bouches-du-Rhone,Stephane Ravier,FN,259 612,39.87
Bouches-du-Rhone,Renaud Muselier,LR-UDI-MoDem,147 352,22.63
Bouches-du-Rhone,Christophe Madrolle,UDE-PS-PRG-MRC,121 344,18.63
Bouches-du-Rhone,Nathalie Lefebvre,PCF-PG-E!-EELV,56 939,8.74
Bouches-du-Rhone,Ahmed Azouaou,AEI,27 113,4.16
Bouches-du-Rhone,Noel Chuisano,DLF,13 267,2.04
Bouches-du-Rhone,Francois Roche,LO,11 819,1.81
Bouches-du-Rhone,Laurent Comas,LS-PDF,4 943,0.76
Bouches-du-Rhone,Remy Dutherage,ND,4 541,0.7
Bouches-du-Rhone,Daniel Romani,UPR,4 295,0.66
Var,Marc-Etienne Lansade,FN,175 115,44.57
Var,Philippe Vitel,LR-UDI-MoDem,108 364,27.58
Var,Cecile Muschotti,PS-PRG-MRC-UDE,53 164,13.53
Var,Jean-Laurent Felizia,EELV-PCF-PG-E!,18 470,4.7
Var,Olivier Lesage,AEI,16 147,4.11
Var,Erik Tamburi,DLF,8 106,2.06
Var,Renee Defrance,LO,5 287,1.35
Var,Michel de Maynard,LS-PDF,3 515,0.89
Var,Nathalie Eymard,UPR,2 615,0.67
Var,Patrick Boulet,ND,2 133,0.54
Vaucluse,Marion Marechal-Le Pen,FN,92 884,44.23
Vaucluse,Julien Aubert,LR-UDI-MoDem,37 675,17.94
Vaucluse,Christine Lagrange,PS-PRG-MRC-UDE,38 345,18.26
Vaucluse,Emmanuel Serafini,EELV-PCF-PG-E!,13 059,6.22
Vaucluse,Michel Ricodeau,AEI,9 095,4.33
Vaucluse,Jacques Bompard,LS-PDF,8 740,4.16
Vaucluse,Didier Gaulon,DLF,3 655,1.74
Vaucluse,Olivier Josue,LO,3 323,1.58
Vaucluse,Nicolas Stortz,ND,1 717,0.82
Vaucluse,Muriel Hermier,UPR,1 524,0.73
Essonne,Valerie Pecresse,LR - UDI- MoDem- PCD,86 839,23,88
Essonne,Claude Bartolone,PS - PRG - MRC - mdP - UDE,85 681,23,56
Essonne,Emmanuelle Cosse,EE=ELV - Cap21,25 942,7,13
Essonne,Pierre Laurent,FG,21 540,5,92
Essonne,Wallerand de Saint-Just,FN,79 991,22
Essonne,Nicolas Dupont-Aignan,DLF,48 078,13,22
Essonne,Nathalie Arthaud,LO,5 197,1,43
Essonne,Francois Asselineau,UPR,3 112,0,86
Essonne,Aurelien Veron,PLD - GC,2 437,0,67
Essonne,Valerie Sachs,NC,1 500,0,41
Essonne,Dawari Horsfall,Liste d'union citoyenne,1 482,0,41
Essonne,Nizarr Bourchada,UDMF,1 056,0,29
Essonne,Sylvain De Smet,DVE - PP- CVB - CSF,797,0,22
Hauts-de-Seine,Valerie Pecresse,LR - UDI- MoDem- PCD,180 192,39,64
Hauts-de-Seine,Claude Bartolone,PS - PRG - MRC - mdP - UDE,109 345,24,05
Hauts-de-Seine,Emmanuelle Cosse,EELV - Cap21,35 730,7,86
Hauts-de-Seine,Pierre Laurent,FG,25 961,5,71
Hauts-de-Seine,Wallerand de Saint-Just,FN,56 096,12,34
Hauts-de-Seine,Nicolas Dupont-Aignan,DLF,24 159,5,31
Hauts-de-Seine,Nathalie Arthaud,LO,5 195,1,14
Hauts-de-Seine,Valerie Sachs,NC,4 490,0,99
Hauts-de-Seine,Aurelien Veron,PLD - GC,4 468,0,98
Hauts-de-Seine,Francois Asselineau,UPR,4 396,0,97
Hauts-de-Seine,Nizarr Bourchada,UDMF,1 927,0,42
Hauts-de-Seine,Sylvain De Smet,DVE - PP- CVB - CSF,1 340,0,29
Hauts-de-Seine,Dawari Horsfall,Liste d'union citoyenne,1 277,0,28
Paris,Valerie Pecresse,LR - UDI- MoDem- PCD,201 156,32,92
Paris,Claude Bartolone,PS - PRG - MRC - mdP - UDE,192 018,31,42
Paris,Emmanuelle Cosse,EELV - Cap21,66 702,10,92
Paris,Pierre Laurent,FG,41 618,6,81
Paris,Wallerand de Saint-Just,FN,58 982,9,65
Paris,Nicolas Dupont-Aignan,DLF,24 889,4,07
Paris,Nathalie Arthaud,LO,6 583,1,08
Paris,Aurelien Veron,PLD - GC,5 294,0,87
Paris,Francois Asselineau,UPR,4 823,0,79
Paris,Valerie Sachs,NC,4 023,0,66
Paris,Sylvain De Smet,DVE - PP- CVB - CSF,3 289,0,54
Paris,Nizarr Bourchada,UDMF,955,0,16
Paris,Dawari Horsfall,Liste d'union citoyenne,716,0,12
Seine-et-Marne,Wallerand de Saint-Just,FN,114 945,30,93
Seine-et-Marne,Valerie Pecresse,LR - UDI- MoDem- PCD,94 205,25,35
Seine-et-Marne,Claude Bartolone,PS - PRG - MRC - mdP - UDE,75 612,20,34
Seine-et-Marne,Emmanuelle Cosse,EELV - Cap21,23 604,6,35
Seine-et-Marne,Pierre Laurent,FG,18 763,5,05
Seine-et-Marne,Nicolas Dupont-Aignan,DLF,27 714,7,46
Seine-et-Marne,Nathalie Arthaud,LO,6 237,1,68
Seine-et-Marne,Francois Asselineau,UPR,3 893,1,05
Seine-et-Marne,Aurelien Veron,PLD - GC,2 683,0,72
Seine-et-Marne,Valerie Sachs,NC,1 886,0,51
Seine-et-Marne,Nizarr Bourchada,UDMF,1 265,0,34
Seine-et-Marne,Sylvain De Smet,DVE - PP- CVB - CSF,553,0,15
Seine-et-Marne,Dawari Horsfall,Liste d'union citoyenne,316,0,09
Seine-Saint-Denis,Claude Bartolone,PS - PRG - MRC - mdP - UDE,79 935,29,58
Seine-Saint-Denis,Emmanuelle Cosse,EELV - Cap21,19 707,7,29
Seine-Saint-Denis,Pierre Laurent,FG,30 991,11,47
Seine-Saint-Denis,Valerie Pecresse,LR - UDI- MoDem- PCD,57 783,21,38
Seine-Saint-Denis,Wallerand de Saint-Just,FN,54 123,20,03
Seine-Saint-Denis,Nicolas Dupont-Aignan,DLF,11 317,4,19
Seine-Saint-Denis,Nathalie Arthaud,LO,5 771,2,14
Seine-Saint-Denis,Nizarr Bourchada,UDMF,3 519,1,3
Seine-Saint-Denis,Francois Asselineau,UPR,2 835,1,05
Seine-Saint-Denis,Aurelien Veron,PLD - GC,1 339,0,5
Seine-Saint-Denis,Valerie Sachs,NC,1 298,0,48
Seine-Saint-Denis,Sylvain De Smet,DVE - PP- CVB - CSF,868,0,32
Seine-Saint-Denis,Dawari Horsfall,Liste d'union citoyenne,776,0,29
Val-de-Marne,Valerie Pecresse,LR - UDI- MoDem- PCD,95 966,28,49
Val-de-Marne,Claude Bartolone,PS - PRG - MRC - mdP - UDE,84 333,25,03
Val-de-Marne,Pierre Laurent,FG,35 496,10,54
Val-de-Marne,Emmanuelle Cosse,EELV - Cap21,27 866,8,27
Val-de-Marne,Wallerand de Saint-Just,FN,56 574,16,79
Val-de-Marne,Nicolas Dupont-Aignan,DLF,21 516,6,39
Val-de-Marne,Nathalie Arthaud,LO,4 899,1,45
Val-de-Marne,Francois Asselineau,UPR,3 327,0,99
Val-de-Marne,Aurelien Veron,PLD - GC,1 956,0,58
Val-de-Marne,Valerie Sachs,NC,1 690,0,5
Val-de-Marne,Nizarr Bourchada,UDMF,1 306,0,39
Val-de-Marne,Dawari Horsfall,Liste d'union citoyenne,1 175,0,35
Val-de-Marne,Sylvain De Smet,DVE - PP- CVB - CSF,762,0,23
Val-d'Oise,Valerie Pecresse,LR - UDI- MoDem- PCD,78 908,26,6
Val-d'Oise,Wallerand de Saint-Just,FN,74 342,25,06
Val-d'Oise,Claude Bartolone,PS - PRG - MRC - mdP - UDE,70 859,23,89
Val-d'Oise,Emmanuelle Cosse,EELV - Cap21,21 045,7,09
Val-d'Oise,Pierre Laurent,FG,19 719,6,65
Val-d'Oise,Nicolas Dupont-Aignan,DLF,17 522,5,91
Val-d'Oise,Nathalie Arthaud,LO,4 986,1,68
Val-d'Oise,Francois Asselineau,UPR,3 325,1,12
Val-d'Oise,Aurelien Veron,PLD -GC,1 953,0,66
Val-d'Oise,Valerie Sachs,NC,1 436,0,48
Val-d'Oise,Sylvain De Smet,DVE - PP- CVB - CSF,982,0,33
Val-d'Oise,Nizarr Bourchada,UDMF,981,0,33
Val-d'Oise,Dawari Horsfall,Liste d'union citoyenne,606,0,2
Yvelines,Valerie Pecresse,LR - UDI- MoDem- PCD,166 975,37,23
Yvelines,Claude Bartolone,PS - PRG - MRC - mdP - UDE,96 521,21,52
Yvelines,Emmanuelle Cosse,EELV - Cap21,32 545,7,26
Yvelines,Pierre Laurent,FG,17 048,3,8
Yvelines,Wallerand de Saint-Just,FN,85 429,19,05
Yvelines,Nicolas Dupont-Aignan,DLF,29 926,6,67
Yvelines,Nathalie Arthaud,LO,5 304,1,18
Yvelines,Francois Asselineau,UPR,4 052,0,9
Yvelines,Aurelien Veron,PLD - GC,3 799,0,85
Yvelines,Valerie Sachs,NC,3 663,0,82
Yvelines,Nizarr Bourchada,UDMF,1 532,0,34
Yvelines,Sylvain De Smet,DVE - PP- CVB - CSF,1 002,0,22
Yvelines,Dawari Horsfall,Liste d'union citoyenne,754,0,17
Cote-d'Or,Francois Sauvadet,UDI?-?LR,55?506,30,75
Cote-d'Or,Edouard Cavin,FN,50?020,27,71
Cote-d'Or,Michel Neugnot,PS?-?PRG?-?UDE?-?Cap21?-?MDP,40?180,22,26
Cote-d'Or,Corinne Bobard,DLF,7?814,4,33
Cote-d'Or,Jer?me Peditent,FG?-?MRC?-?ND,7?401,2,08
Cote-d'Or,Philippe Hervieu,EELV?-?MEI,6?707,1,89
Cote-d'Or,Patrick Hillon,MoDem,5?413,1,52
Cote-d'Or,Bruno Louis,AEI,3?861,1,09
Cote-d'Or,Stephane Pournin,LO,2?312,0,65
Cote-d'Or,Edouard Clair,UPR,1?318,0,37
Doubs,Sophie Montel,FN,57?349,31,74
Doubs,Marie-Guite Dufay,PS?-?PRG?-?UDE?-?Cap21?-?MDP,47?137,26,09
Doubs,Patrick Genre,UDI?-?LR,41?155,22,78
Doubs,Jean-Claude Chomette,DLF,7?844,4,35
Doubs,Cecile Prudhomme,EELV?-?MEI,7?191,3,99
Doubs,Jean-Christophe Jacottot,FG?-?MRC?-?ND,6?317,3,49
Doubs,Laurent Croizier,MoDem,5?642,3,12
Doubs,Bruno Patois,AEI,3?806,2,11
Doubs,Michel Treppo,LO,2?515,1,39
Doubs,Karine Comas,UPR,1?714,0,95
Jura,Stephane Montrelay,FN,27?988,29,93
Jura,Helene Pelissard,UDI?-?LR,21?827,23,34
Jura,Sylvie Laroche,PS?-?PRG?-?UDE?-?Cap21?-?MDP,21?679,23,19
Jura,Bernard Breniaux,DLF,5?204,5,57
Jura,Patrick Viverge,FG?-?MRC?-?ND,4?880,5,22
Jura,Brigitte Monnet,EELV?-?MEI,4?394,4,7
Jura,Jean Bordat,MoDem,2?920,3,12
Jura,Gerard Lacroix,AEI,2?358,2,52
Jura,Dominique Revoy,LO,1?338,1,43
Jura,Frederic Jaillet,UPR,913,0,98
Nievre,Marcel Stephan,FN,22?957,31,36
Nievre,Sylvain Mathieu,PS?-?PRG?-?UDE?-?Cap21?-?MDP,17?934,24,51
Nievre,Guillaume Maillard,UDI?-?LR,13?213,18,06
Nievre,Jimmy Derouault,FG?-?MRC?-?ND,5?387,7,36
Nievre,Michele Baucomont,DLF,4?004,5,47
Nievre,Isabelle Bonnicel,MoDem,2?879,3,94
Nievre,Virginie Charriere,EELV?-?MEI,2?714,3,71
Nievre,Julien Gonzalez,AEI,1?646,2,25
Nievre,Genevieve Lemoine,LO,1?438,1,97
Nievre,Charles-Henri Gallois,UPR,1?003,1,37
Haute-Saone,Karine Champy,FN,35?146,37,35
Haute-Saone,Lo?c Niepceron,PS?-?PRG?-?UDE?-?Cap21?-?MDP,22?477,23,88
Haute-Saone,Alain Joyandet,UDI?-?LR,19?658,20,89
Haute-Saone,Denis Husser,DLF,4?479,4,76
Haute-Saone,Gilles Lazar,FG?-?MRC?-?ND,3?066,3,26
Haute-Saone,Marie-Claire Thomas,EELV?-?MEI,2?825,3
Haute-Saone,Jean-Claude Durupt-Vignard,MoDem,2?296,2,44
Haute-Saone,Chantal Belot,AEI,1?813,1,93
Haute-Saone,Daniel Rouillon,LO,1?546,1,64
Haute-Saone,Alexandre Salerno,UPR,805,0,86
Saone-et-Loire,Lilian Noirot,FN,52?576,28,99
Saone-et-Loire,Arnaud Danjean,UDI?-?LR,45?556,25,12
Saone-et-Loire,Jer?me Durain,PS?-?PRG?-?UDE?-?Cap21?-?MDP,41?505,22,89
Saone-et-Loire,Maxime Thiebault,DLF,11?449,6,31
Saone-et-Loire,Nathalie Vermorel,FG?-?MRC?-?ND,9?564,5,27
Saone-et-Loire,Francois Lotteau,EELV?-?MEI,7?241,3,99
Saone-et-Loire,Sophie Micollet,MoDem,5?270,2,91
Saone-et-Loire,Jean-Pierre Lepri,AEI,3?730,2,06
Saone-et-Loire,Pascal Dufraigne,LO,2?929,1,62
Saone-et-Loire,Crole Vignal,UPR,1?533,0,85
Yonne,Julien Odoul,FN,41?187,36,19
Yonne,Eric Gentis,UDI?-?LR,25?554,22,45
Yonne,Frederique Colas,PS?-?PRG?-?UDE?-?Cap21?-?MDP,20?967,18,42
Yonne,Didier Hamelin,DLF,7?095,6,23
Yonne,Francois Meyroune,FG?-?MRC?-?ND,5?740,5,04
Yonne,Jean Masse,EELV?-?MEI,4?775,4,2
Yonne,Dominique Aguilar,MoDem,3?355,2,95
Yonne,Claude Thely,AEI,2?437,2,14
Yonne,Sylvie Manigaut,LO,1?578,1,39
Yonne,Gildas Joly,UPR,1?113,0,98
Territoire de Belfort,Patrick Jeanroch,FN,15?910,34,76
Territoire de Belfort,Maude Clavequin,PS?-?PRG?-?UDE?-?Cap21?-?MDP,9?485,20,72
Territoire de Belfort,Didier Vallverdu,UDI?-?LR,8?587,18,76
Territoire de Belfort,Christophe Grudler,MoDem,3?656,7,99
Territoire de Belfort,Alain Letailleur,FG?-?MRC?-?ND,2?123,4,64
Territoire de Belfort,Jean-Christophe Muringer,DLF,1?900,4,15
Territoire de Belfort,Jean Siron,EELV?-?MEI,1?847,4,04
Territoire de Belfort,Christine Grandjean,AEI,967,2,11
Territoire de Belfort,Claire Rocher,LO,860,1,88
Territoire de Belfort,Jonathan Vallart,UPR,433,0,95
Corse du Sud,Jose Rossi,LR,11793,19.48
Corse du Sud,Camille de Rocca Serra,LR,9219,15.23
Corse du Sud,Gilles Simeoni,,8969,14.82
Corse du Sud,Christophe Canioni,FN,7152,11.81
Corse du Sud,Paul Giacobbi,PRG,6885,18.42
Corse du Sud,Jean-Guy Talamoni,Corsica libera,4572,7.55
Corse du Sud,Dominique Bucchini,PCF,3792,6.26
Corse du Sud,Jean-Charles Orsucci,PS,2904,4.8
Corse du Sud,Paul-Felix Benedetti,CiF,1655,2.73
Corse du Sud,Emmanuelle de Gentili,PS,1549,2.56
Corse du Sud,Jean Zuccarelli,PRG,1297,2.14
Corse du Sud,Hyacinthe Santoni,DLF,747,1.23
Haute Corse,Paul Giacobbi,PRG,17801,24.23
Haute Corse,Gilles Simeoni,FaC,14634,19.92
Haute Corse,Camille de Rocca Serra,LR,7799,10.62
Haute Corse,Christophe Canioni,FN,7024,9.56
Haute Corse,Jose Rossi,LR,5855,7.97
Haute Corse,Jean-Guy Talamoni,Corsica libera,5770,7.86
Haute Corse,Dominique Bucchini,PCF,3657,4.98
Haute Corse,Jean Zuccarelli,Autre_Gauche,2930,3.99
Haute Corse,Emmanuelle de Gentili,Autre_Gauche,2804,3.82
Haute Corse,Jean-Charles Orsucci,PS,2630,3.58
Haute Corse,Paul-Felix Benedetti,CiF,1796,2.45
Haute Corse,Hyacinthe Santoni,DLF,755,1.03