department;liste;candidate;votes;percentage_inscriped;percentage_expressed;bloc
Ain;AGIR POUR NE PLUS SUBIR;OMEIR Farid;297;0,07;0,23;Centre
Allier;AGIR POUR NE PLUS SUBIR;OMEIR Farid;7;0;0,01;Centre
Ardeche;AGIR POUR NE PLUS SUBIR;OMEIR Farid;2;0;0;Centre
Cantal;AGIR POUR NE PLUS SUBIR;OMEIR Farid;33;0,03;0,07;Centre
Drome;AGIR POUR NE PLUS SUBIR;OMEIR Farid;367;0,1;0,3;Centre
Isere;AGIR POUR NE PLUS SUBIR;OMEIR Farid;1263;0,15;0,47;Centre
Loire;AGIR POUR NE PLUS SUBIR;OMEIR Farid;559;0,11;0,38;Centre
Haute-Loire;AGIR POUR NE PLUS SUBIR;OMEIR Farid;1;0;0;Centre
Puy-de-Dome;AGIR POUR NE PLUS SUBIR;OMEIR Farid;5;0;0;Centre
Rhone;AGIR POUR NE PLUS SUBIR;OMEIR Farid;2312;0,2;0,68;Centre
Savoie;AGIR POUR NE PLUS SUBIR;OMEIR Farid;409;0,13;0,4;Centre
Haute-Savoie;AGIR POUR NE PLUS SUBIR;OMEIR Farid;429;0,08;0,28;Centre
Ardennes;AGIR;TYANE Adil;211;0,11;0,38;Centre
Aube;AGIR;TYANE Adil;282;0,14;0,46;Centre
Marne;AGIR;TYANE Adil;43;0,01;0,04;Centre
Haute-Marne;AGIR;TYANE Adil;0;0;0;Centre
Meurthe-et-Moselle;AGIR;TYANE Adil;853;0,18;0,62;Centre
Meuse;AGIR;TYANE Adil;52;0,04;0,12;Centre
Moselle;AGIR;TYANE Adil;2070;0,28;1,1;Centre
Bas-Rhin;AGIR;TYANE Adil;1250;0,16;0,57;Centre
Haut-Rhin;AGIR;TYANE Adil;497;0,09;0,35;Centre
Vosges;AGIR;TYANE Adil;4;0;0;Centre
Martinique;AKM AKTE KILTI MATNIK;BERISSON Olivier;2135;0,7;2,23;Ecologisme
Martinique;ALIANS MATINIK;LETCHIMY Serge;30267;9,87;31,66;Gauche
La Reunion;ANSANM ALON ReYONe;HOARAU Olivier;9800;1,47;4,24;Gauche
Martinique;ANSANM POU PEYI NOU;NILOR Jean-Philippe;11481;3,75;12,01;Gauche
Ain;AURALP, LA MAJORITe PReSI;BONNELL Bruno;12821;3,02;9,9;Centre
Allier;AURALP, LA MAJORITe PReSI;BONNELL Bruno;5574;2,26;6,48;Centre
Ardeche;AURALP, LA MAJORITe PReSI;BONNELL Bruno;6141;2,45;6,82;Centre
Cantal;AURALP, LA MAJORITe PReSI;BONNELL Bruno;2176;1,9;4,71;Centre
Drome;AURALP, LA MAJORITe PReSI;BONNELL Bruno;11249;3,01;9,16;Centre
Isere;AURALP, LA MAJORITe PReSI;BONNELL Bruno;29629;3,42;11,01;Centre
Loire;AURALP, LA MAJORITe PReSI;BONNELL Bruno;12864;2,55;8,74;Centre
Haute-Loire;AURALP, LA MAJORITe PReSI;BONNELL Bruno;3361;1,88;4,78;Centre
Puy-de-Dome;AURALP, LA MAJORITe PReSI;BONNELL Bruno;11592;2,53;7,26;Centre
Rhone;AURALP, LA MAJORITe PReSI;BONNELL Bruno;47424;4,2;13,99;Centre
Savoie;AURALP, LA MAJORITe PReSI;BONNELL Bruno;8940;2,87;8,82;Centre
Haute-Savoie;AURALP, LA MAJORITe PReSI;BONNELL Bruno;16521;3,03;10,87;Centre
Corse-du-Sud;AVANZEMU;ANGELINI Jean-Christophe;9269;8,26;14,9;Gauche
Haute-Corse;AVANZEMU;ANGELINI Jean-Christophe;8503;6,67;11,77;Gauche
Guadeloupe;AIRG;PIRBAKAS Maxette;3131;0,99;3,42;Droite radicale et extreme droite
Ariege;BASTIR OCCITANIE;DAVEZAC Jean-Luc;435;0,37;0,91;Centre
Aude;BASTIR OCCITANIE;DAVEZAC Jean-Luc;1017;0,37;0,99;Centre
Aveyron;BASTIR OCCITANIE;DAVEZAC Jean-Luc;560;0,26;0,63;Centre
Gard;BASTIR OCCITANIE;DAVEZAC Jean-Luc;1296;0,24;0,75;Centre
Haute-Garonne;BASTIR OCCITANIE;DAVEZAC Jean-Luc;2052;0,23;0,64;Centre
Gers;BASTIR OCCITANIE;DAVEZAC Jean-Luc;844;0,58;1,36;Centre
Herault;BASTIR OCCITANIE;DAVEZAC Jean-Luc;1602;0,2;0,61;Centre
Lot;BASTIR OCCITANIE;DAVEZAC Jean-Luc;335;0,24;0,58;Centre
Lozere;BASTIR OCCITANIE;DAVEZAC Jean-Luc;434;0,73;1,6;Centre
Hautes-Pyrenees;BASTIR OCCITANIE;DAVEZAC Jean-Luc;745;0,42;1,13;Centre
Pyrenees-Orientales;BASTIR OCCITANIE;DAVEZAC Jean-Luc;773;0,22;0,65;Centre
Tarn;BASTIR OCCITANIE;DAVEZAC Jean-Luc;791;0,27;0,72;Centre
Tarn-et-Garonne;BASTIR OCCITANIE;DAVEZAC Jean-Luc;626;0,34;0,89;Centre
Cotes-d'Armor;BRETAGNE D'AVENIR;DESMARES-POIRRIER Claire;21574;4,68;12,59;Ecologisme
Finistere;BRETAGNE D'AVENIR;DESMARES-POIRRIER Claire;35454;5,12;15,06;Ecologisme
Ille-et-Vilaine;BRETAGNE D'AVENIR;DESMARES-POIRRIER Claire;41674;5,58;16,73;Ecologisme
Morbihan;BRETAGNE D'AVENIR;DESMARES-POIRRIER Claire;27611;4,66;14,13;Ecologisme
Cotes-d'Armor;BRETAGNE INSOUMISE;CADALEN Pierre-Yves;9838;2,13;5,74;Gauche radicale et extreme gauche
Finistere;BRETAGNE INSOUMISE;CADALEN Pierre-Yves;14094;2,03;5,99;Gauche radicale et extreme gauche
Ille-et-Vilaine;BRETAGNE INSOUMISE;CADALEN Pierre-Yves;13833;1,85;5,55;Gauche radicale et extreme gauche
Morbihan;BRETAGNE INSOUMISE;CADALEN Pierre-Yves;9679;1,63;4,95;Gauche radicale et extreme gauche
Cotes-d'Armor;BRETAGNE MA VIE;CUEFF Daniel;10129;2,2;5,91;Ecologisme
Finistere;BRETAGNE MA VIE;CUEFF Daniel;15432;2,23;6,55;Ecologisme
Ille-et-Vilaine;BRETAGNE MA VIE;CUEFF Daniel;18849;2,52;7,57;Ecologisme
Morbihan;BRETAGNE MA VIE;CUEFF Daniel;11104;1,87;5,68;Ecologisme
Cotes-d'Armor;BRETAGNE RESPONSABLE;MARTIN Joannic;3170;0,69;1,85;Centre
Finistere;BRETAGNE RESPONSABLE;MARTIN Joannic;3516;0,51;1,49;Centre
Ille-et-Vilaine;BRETAGNE RESPONSABLE;MARTIN Joannic;3093;0,41;1,24;Centre
Morbihan;BRETAGNE RESPONSABLE;MARTIN Joannic;3413;0,58;1,75;Centre
Corse-du-Sud;CAMPÀ MEGLIU IN CORSICA;STEFANI Michel;1762;1,57;2,83;Gauche radicale et extreme gauche
Haute-Corse;CAMPÀ MEGLIU IN CORSICA;STEFANI Michel;2517;1,97;3,48;Gauche radicale et extreme gauche
Guyane;CHANGER D'AIR;AMERICAIN Jessi;1811;1,78;5,27;Gauche
Martinique;COMBAT OUVRIER;JEAN-MARIE Gabriel;565;0,18;0,59;Gauche radicale et extreme gauche
Guadeloupe;COMBAT OUVRIER  - FELCDT;NOMERTIN Jean-Marie;2443;0,77;2,67;Gauche radicale et extreme gauche
Alpes-de-Haute-Provence;RASSEMBLEMENT NATIONAL;MARIANI Thierry;13571;10,75;28,18;Droite radicale et extreme droite
Hautes-Alpes;RASSEMBLEMENT NATIONAL;MARIANI Thierry;10684;9,58;24,19;Droite radicale et extreme droite
Alpes-Maritimes;RASSEMBLEMENT NATIONAL;MARIANI Thierry;94539;12,47;37,88;Droite radicale et extreme droite
Bouches-du-Rhone;RASSEMBLEMENT NATIONAL;MARIANI Thierry;146025;10,54;34,13;Droite radicale et extreme droite
Var;RASSEMBLEMENT NATIONAL;MARIANI Thierry;101681;12,77;40,26;Droite radicale et extreme droite
Vaucluse;RASSEMBLEMENT NATIONAL;MARIANI Thierry;54133;13,4;40,47;Droite radicale et extreme droite
Guadeloupe;C A;CHALUS Ary;45110;14,25;49,31;Centre
La Reunion;COOPERATION;DE FLORE Corinne;506;0,08;0,22;Droite
Corse-du-Sud;CORE IN FRONTE;BENEDETTI Paul-Felix;5362;4,78;8,62;Gauche radicale et extreme gauche
Haute-Corse;CORE IN FRONTE;BENEDETTI Paul-Felix;5920;4,64;8,2;Gauche radicale et extreme gauche
Corse-du-Sud;CORSE, TERRE DE PROGRES;ORSUCCI Jean-Charles;4201;3,74;6,75;Centre
Haute-Corse;CORSE, TERRE DE PROGRES;ORSUCCI Jean-Charles;3756;2,94;5,2;Centre
Corse-du-Sud;CORSICA FIERA;GIACOMI Jean-Antoine;267;0,24;0,43;Droite radicale et extreme droite
Haute-Corse;CORSICA FIERA;GIACOMI Jean-Antoine;524;0,41;0,73;Droite radicale et extreme droite
Corse-du-Sud;CORSICA LIBERA;TALAMONI Jean-Guy;3688;3,29;5,93;Gauche radicale et extreme gauche
Haute-Corse;CORSICA LIBERA;TALAMONI Jean-Guy;5592;4,38;7,74;Gauche radicale et extreme gauche
Cotes-d'Armor;DEBOUT LA BRETAGNE;CABAS David;2321;0,5;1,35;Droite radicale et extreme droite
Finistere;DEBOUT LA BRETAGNE;CABAS David;3164;0,46;1,34;Droite radicale et extreme droite
Ille-et-Vilaine;DEBOUT LA BRETAGNE;CABAS David;2840;0,38;1,14;Droite radicale et extreme droite
Morbihan;DEBOUT LA BRETAGNE;CABAS David;3594;0,61;1,84;Droite radicale et extreme droite
Loire-Atlantique;DEBOUT LES PDL;BAYLE DE JESSe Cecile;7414;0,72;2,41;Droite radicale et extreme droite
Maine-et-Loire;DEBOUT LES PDL;BAYLE DE JESSe Cecile;5001;0,86;3,11;Droite radicale et extreme droite
Mayenne;DEBOUT LES PDL;BAYLE DE JESSe Cecile;1772;0,79;2,62;Droite radicale et extreme droite
Sarthe;DEBOUT LES PDL;BAYLE DE JESSe Cecile;4326;1,06;3,79;Droite radicale et extreme droite
Vendee;DEBOUT LES PDL;BAYLE DE JESSe Cecile;5565;1,04;3,43;Droite radicale et extreme droite
Martinique;DECLIC;JOCK Philippe;3747;1,22;3,92;Centre
Cher;DeMOCRATIE eCOLOGIQUE;CLeMENT Jeremy;2561;1,14;3,66;Ecologisme
Eure-et-Loir;DeMOCRATIE eCOLOGIQUE;CLeMENT Jeremy;4309;1,43;4,71;Ecologisme
Indre;DeMOCRATIE eCOLOGIQUE;CLeMENT Jeremy;1747;1,05;3,11;Ecologisme
Indre-et-Loire;DeMOCRATIE eCOLOGIQUE;CLeMENT Jeremy;5536;1,28;4,33;Ecologisme
Loir-et-Cher;DeMOCRATIE eCOLOGIQUE;CLeMENT Jeremy;3339;1,38;4,05;Ecologisme
Loiret;DeMOCRATIE eCOLOGIQUE;CLeMENT Jeremy;5679;1,26;4,03;Ecologisme
Guadeloupe;DOUBOUT LA GWADLOUP;DELANNAY Tony;532;0,17;0,58;Droite radicale et extreme droite
Ariege;DU COURAGE PR L'OCCITANIE;PRADIe Aurelien;3280;2,79;6,9;Droite
Aude;DU COURAGE PR L'OCCITANIE;PRADIe Aurelien;9151;3,34;8,87;Droite
Aveyron;DU COURAGE PR L'OCCITANIE;PRADIe Aurelien;16738;7,69;18,74;Droite
Gard;DU COURAGE PR L'OCCITANIE;PRADIe Aurelien;20580;3,79;11,83;Droite
Haute-Garonne;DU COURAGE PR L'OCCITANIE;PRADIe Aurelien;32153;3,58;10,03;Droite
Gers;DU COURAGE PR L'OCCITANIE;PRADIe Aurelien;8517;5,86;13,77;Droite
Herault;DU COURAGE PR L'OCCITANIE;PRADIe Aurelien;27302;3,33;10,36;Droite
Lot;DU COURAGE PR L'OCCITANIE;PRADIe Aurelien;20084;14,69;34,85;Droite
Lozere;DU COURAGE PR L'OCCITANIE;PRADIe Aurelien;4586;7,72;16,94;Droite
Hautes-Pyrenees;DU COURAGE PR L'OCCITANIE;PRADIe Aurelien;6385;3,62;9,65;Droite
Pyrenees-Orientales;DU COURAGE PR L'OCCITANIE;PRADIe Aurelien;12692;3,58;10,68;Droite
Tarn;DU COURAGE PR L'OCCITANIE;PRADIe Aurelien;12916;4,4;11,81;Droite
Tarn-et-Garonne;DU COURAGE PR L'OCCITANIE;PRADIe Aurelien;9596;5,18;13,67;Droite
Corse-du-Sud;ECOLOGIA SULIDARIA;SIMONPIETRI Agnes;2168;1,93;3,48;Ecologisme
Haute-Corse;ECOLOGIA SULIDARIA;SIMONPIETRI Agnes;2871;2,25;3,97;Ecologisme
Cote-d'Or;ECOLOGISTES ET SOLIDAIRES;MODDE Stephanie;14749;4,12;11,87;Ecologisme
Doubs;ECOLOGISTES ET SOLIDAIRES;MODDE Stephanie;12012;3,31;10,15;Ecologisme
Jura;ECOLOGISTES ET SOLIDAIRES;MODDE Stephanie;7575;4,05;11,99;Ecologisme
Nievre;ECOLOGISTES ET SOLIDAIRES;MODDE Stephanie;4953;3,21;9,92;Ecologisme
Haute-Saone;ECOLOGISTES ET SOLIDAIRES;MODDE Stephanie;5240;2,97;7,85;Ecologisme
Saone-et-Loire;ECOLOGISTES ET SOLIDAIRES;MODDE Stephanie;11792;2,95;9,49;Ecologisme
Yonne;ECOLOGISTES ET SOLIDAIRES;MODDE Stephanie;7927;3,36;10,15;Ecologisme
Territoire de Belfort;ECOLOGISTES ET SOLIDAIRES;MODDE Stephanie;3370;3,63;11,55;Ecologisme
Guadeloupe;E A P L'A;PLAISIR Alain;2324;0,73;2,54;Gauche
Ain;ENSEMBLE POUR NOTRE ReGIO;CUKIERMAN Cecile;5375;1,27;4,15;Gauche radicale et extreme gauche
Allier;ENSEMBLE POUR NOTRE ReGIO;CUKIERMAN Cecile;5843;2,37;6,79;Gauche radicale et extreme gauche
Ardeche;ENSEMBLE POUR NOTRE ReGIO;CUKIERMAN Cecile;6706;2,67;7,45;Gauche radicale et extreme gauche
Cantal;ENSEMBLE POUR NOTRE ReGIO;CUKIERMAN Cecile;1818;1,59;3,93;Gauche radicale et extreme gauche
Drome;ENSEMBLE POUR NOTRE ReGIO;CUKIERMAN Cecile;7871;2,11;6,41;Gauche radicale et extreme gauche
Isere;ENSEMBLE POUR NOTRE ReGIO;CUKIERMAN Cecile;16906;1,95;6,28;Gauche radicale et extreme gauche
Loire;ENSEMBLE POUR NOTRE ReGIO;CUKIERMAN Cecile;10272;2,04;6,98;Gauche radicale et extreme gauche
Haute-Loire;ENSEMBLE POUR NOTRE ReGIO;CUKIERMAN Cecile;2750;1,54;3,91;Gauche radicale et extreme gauche
Puy-de-Dome;ENSEMBLE POUR NOTRE ReGIO;CUKIERMAN Cecile;10943;2,39;6,85;Gauche radicale et extreme gauche
Rhone;ENSEMBLE POUR NOTRE ReGIO;CUKIERMAN Cecile;16443;1,46;4,85;Gauche radicale et extreme gauche
Savoie;ENSEMBLE POUR NOTRE ReGIO;CUKIERMAN Cecile;5372;1,72;5,3;Gauche radicale et extreme gauche
Haute-Savoie;ENSEMBLE POUR NOTRE ReGIO;CUKIERMAN Cecile;5135;0,94;3,38;Gauche radicale et extreme gauche
Cher;ENSEMBLE, LE MEILLEUR EST;FESNEAU Marc;9213;4,12;13,17;Centre
Eure-et-Loir;ENSEMBLE, LE MEILLEUR EST;FESNEAU Marc;16337;5,42;17,85;Centre
Indre;ENSEMBLE, LE MEILLEUR EST;FESNEAU Marc;6151;3,71;10,95;Centre
Indre-et-Loire;ENSEMBLE, LE MEILLEUR EST;FESNEAU Marc;20678;4,78;16,18;Centre
Loir-et-Cher;ENSEMBLE, LE MEILLEUR EST;FESNEAU Marc;19757;8,15;23,98;Centre
Loiret;ENSEMBLE, LE MEILLEUR EST;FESNEAU Marc;22576;5,01;16,02;Centre
Paris;ENVIE D'ILE DE FRANCE;SAINT-MARTIN Laurent;63234;4,79;14,05;Centre
Seine-et-Marne;ENVIE D'ILE DE FRANCE;SAINT-MARTIN Laurent;22176;2,5;9,31;Centre
Yvelines;ENVIE D'ILE DE FRANCE;SAINT-MARTIN Laurent;39951;4,18;12,69;Centre
Essonne;ENVIE D'ILE DE FRANCE;SAINT-MARTIN Laurent;26176;3,29;11,21;Centre
Hauts-de-Seine;ENVIE D'ILE DE FRANCE;SAINT-MARTIN Laurent;46080;4,71;13,77;Centre
Seine-Saint-Denis;ENVIE D'ILE DE FRANCE;SAINT-MARTIN Laurent;13283;1,69;7,25;Centre
Val-de-Marne;ENVIE D'ILE DE FRANCE;SAINT-MARTIN Laurent;26547;3,38;11,6;Centre
Val-d'Oise;ENVIE D'ILE DE FRANCE;SAINT-MARTIN Laurent;18955;2,6;10,12;Centre
La Reunion;ET MAINTENANT OSONS 2021;MIRANVILLE Vanessa;22879;3,42;9,91;Ecologisme
Corse-du-Sud;FÀ POPULU INSEME;SIMEONI Gilles;14253;12,7;22,91;Gauche radicale et extreme gauche
Haute-Corse;FÀ POPULU INSEME;SIMEONI Gilles;24994;19,59;34,6;Gauche radicale et extreme gauche
Aisne;UNE FRANCE FEDERALE;ALEXANDRE Audric;619;0,17;0,5;Droite
Nord;UNE FRANCE FEDERALE;ALEXANDRE Audric;2573;0,14;0,49;Droite
Oise;UNE FRANCE FEDERALE;ALEXANDRE Audric;885;0,16;0,51;Droite
Pas-de-Calais;UNE FRANCE FEDERALE;ALEXANDRE Audric;1829;0,17;0,5;Droite
Somme;UNE FRANCE FEDERALE;ALEXANDRE Audric;794;0,2;0,56;Droite
Calvados;FAIRE GAGNER LA NORMANDIE;BAY Nicolas;28318;5,65;17,11;Droite radicale et extreme droite
Eure;FAIRE GAGNER LA NORMANDIE;BAY Nicolas;33588;7,85;24,83;Droite radicale et extreme droite
Manche;FAIRE GAGNER LA NORMANDIE;BAY Nicolas;20978;5,52;17,84;Droite radicale et extreme droite
Orne;FAIRE GAGNER LA NORMANDIE;BAY Nicolas;12393;6,05;18,55;Droite radicale et extreme droite
Seine-Maritime;FAIRE GAGNER LA NORMANDIE;BAY Nicolas;54669;6,27;20,27;Droite radicale et extreme droite
Guadeloupe;FPS;WILLIAM Willy, Kevin;1069;0,34;1,17;Autre
Paris;FRANCE DeMOCRATIE DIRECTE;BROT Lionel;1668;0,13;0,37;Autre
Seine-et-Marne;FRANCE DeMOCRATIE DIRECTE;BROT Lionel;1168;0,13;0,49;Autre
Yvelines;FRANCE DeMOCRATIE DIRECTE;BROT Lionel;1735;0,18;0,55;Autre
Essonne;FRANCE DeMOCRATIE DIRECTE;BROT Lionel;1457;0,18;0,62;Autre
Hauts-de-Seine;FRANCE DeMOCRATIE DIRECTE;BROT Lionel;1431;0,15;0,43;Autre
Seine-Saint-Denis;FRANCE DeMOCRATIE DIRECTE;BROT Lionel;954;0,12;0,52;Autre
Val-de-Marne;FRANCE DeMOCRATIE DIRECTE;BROT Lionel;1150;0,15;0,5;Autre
Val-d'Oise;FRANCE DeMOCRATIE DIRECTE;BROT Lionel;1019;0,14;0,54;Autre
Martinique;GRAN SANBLE POU MATINIK;MARIE-JEANNE Alfred;24664;8,05;25,8;Gauche
Guyane;GUYANE KONTRe POUR AVANCE;SERVILLE Gabriel;9510;9,34;27,68;Gauche
Aisne;HAUTS-DE-FRANCE UNIS;PIETRASZEWSKI Laurent;8029;2,16;6,45;Centre
Nord;HAUTS-DE-FRANCE UNIS;PIETRASZEWSKI Laurent;53347;2,96;10,15;Centre
Oise;HAUTS-DE-FRANCE UNIS;PIETRASZEWSKI Laurent;15759;2,82;9,04;Centre
Pas-de-Calais;HAUTS-DE-FRANCE UNIS;PIETRASZEWSKI Laurent;31639;2,91;8,67;Centre
Somme;HAUTS-DE-FRANCE UNIS;PIETRASZEWSKI Laurent;12692;3,12;8,99;Centre
Cotes-d'Armor;HISSONS HAUT LA BRETAGNE;LE CALLENNEC Isabelle;28431;6,17;16,59;Droite
Finistere;HISSONS HAUT LA BRETAGNE;LE CALLENNEC Isabelle;36776;5,31;15,62;Droite
Ille-et-Vilaine;HISSONS HAUT LA BRETAGNE;LE CALLENNEC Isabelle;44916;6,01;18,04;Droite
Morbihan;HISSONS HAUT LA BRETAGNE;LE CALLENNEC Isabelle;28418;4,8;14,55;Droite
Ardennes;IL EST TEMPS !;ROMANI Eliane;5814;3,15;10,47;Gauche
Aube;IL EST TEMPS !;ROMANI Eliane;7657;3,77;12,36;Gauche
Marne;IL EST TEMPS !;ROMANI Eliane;12997;3,46;12,61;Gauche
Haute-Marne;IL EST TEMPS !;ROMANI Eliane;4669;3,59;10,79;Gauche
Meurthe-et-Moselle;IL EST TEMPS !;ROMANI Eliane;26131;5,36;18,93;Gauche
Meuse;IL EST TEMPS !;ROMANI Eliane;5468;4,06;12,77;Gauche
Moselle;IL EST TEMPS !;ROMANI Eliane;29316;3,95;15,61;Gauche
Bas-Rhin;IL EST TEMPS !;ROMANI Eliane;35311;4,59;16,18;Gauche
Haut-Rhin;IL EST TEMPS !;ROMANI Eliane;17524;3,32;12,27;Gauche
Vosges;IL EST TEMPS !;ROMANI Eliane;12574;4,54;14,8;Gauche
Paris;ILE DE FRANCE EN COMMUN;PULVAR Audrey;57940;4,39;12,87;Gauche
Seine-et-Marne;ILE DE FRANCE EN COMMUN;PULVAR Audrey;23808;2,68;9,99;Gauche
Yvelines;ILE DE FRANCE EN COMMUN;PULVAR Audrey;25391;2,66;8,07;Gauche
Essonne;ILE DE FRANCE EN COMMUN;PULVAR Audrey;26440;3,32;11,33;Gauche
Hauts-de-Seine;ILE DE FRANCE EN COMMUN;PULVAR Audrey;30810;3,15;9,21;Gauche
Seine-Saint-Denis;ILE DE FRANCE EN COMMUN;PULVAR Audrey;26724;3,41;14,58;Gauche
Val-de-Marne;ILE DE FRANCE EN COMMUN;PULVAR Audrey;28145;3,58;12,3;Gauche
Val-d'Oise;ILE DE FRANCE EN COMMUN;PULVAR Audrey;21581;2,96;11,52;Gauche
Paris;ILE DE FRANCE RASSEMBLEE;PeCRESSE Valerie;148093;11,21;32,9;Droite
Seine-et-Marne;ILE DE FRANCE RASSEMBLEE;PeCRESSE Valerie;85954;9,68;36,08;Droite
Yvelines;ILE DE FRANCE RASSEMBLEE;PeCRESSE Valerie;136334;14,26;43,31;Droite
Essonne;ILE DE FRANCE RASSEMBLEE;PeCRESSE Valerie;78421;9,85;33,59;Droite
Hauts-de-Seine;ILE DE FRANCE RASSEMBLEE;PeCRESSE Valerie;142122;14,52;42,47;Droite
Seine-Saint-Denis;ILE DE FRANCE RASSEMBLEE;PeCRESSE Valerie;50651;6,46;27,64;Droite
Val-de-Marne;ILE DE FRANCE RASSEMBLEE;PeCRESSE Valerie;77701;9,88;33,94;Droite
Val-d'Oise;ILE DE FRANCE RASSEMBLEE;PeCRESSE Valerie;66300;9,09;35,4;Droite
Paris;IDF ILE D'EUROPE;CONTI Fabiola;751;0,06;0,17;Droite
Seine-et-Marne;IDF ILE D'EUROPE;CONTI Fabiola;159;0,02;0,07;Droite
Yvelines;IDF ILE D'EUROPE;CONTI Fabiola;508;0,05;0,16;Droite
Essonne;IDF ILE D'EUROPE;CONTI Fabiola;372;0,05;0,16;Droite
Hauts-de-Seine;IDF ILE D'EUROPE;CONTI Fabiola;649;0,07;0,19;Droite
Seine-Saint-Denis;IDF ILE D'EUROPE;CONTI Fabiola;499;0,06;0,27;Droite
Val-de-Marne;IDF ILE D'EUROPE;CONTI Fabiola;326;0,04;0,14;Droite
Val-d'Oise;IDF ILE D'EUROPE;CONTI Fabiola;365;0,05;0,19;Droite
Ain;L'ALTERNATIVE EN AUVERGNE;VALLAUD-BELKACEM Najat;14455;3,41;11,16;Gauche
Allier;L'ALTERNATIVE EN AUVERGNE;VALLAUD-BELKACEM Najat;9864;4;11,46;Gauche
Ardeche;L'ALTERNATIVE EN AUVERGNE;VALLAUD-BELKACEM Najat;12685;5,06;14,09;Gauche
Cantal;L'ALTERNATIVE EN AUVERGNE;VALLAUD-BELKACEM Najat;4921;4,29;10,65;Gauche
Drome;L'ALTERNATIVE EN AUVERGNE;VALLAUD-BELKACEM Najat;14156;3,79;11,52;Gauche
Isere;L'ALTERNATIVE EN AUVERGNE;VALLAUD-BELKACEM Najat;34725;4,01;12,9;Gauche
Loire;L'ALTERNATIVE EN AUVERGNE;VALLAUD-BELKACEM Najat;15542;3,08;10,55;Gauche
Haute-Loire;L'ALTERNATIVE EN AUVERGNE;VALLAUD-BELKACEM Najat;4887;2,74;6,94;Gauche
Puy-de-Dome;L'ALTERNATIVE EN AUVERGNE;VALLAUD-BELKACEM Najat;21957;4,79;13,75;Gauche
Rhone;L'ALTERNATIVE EN AUVERGNE;VALLAUD-BELKACEM Najat;38717;3,43;11,42;Gauche
Savoie;L'ALTERNATIVE EN AUVERGNE;VALLAUD-BELKACEM Najat;10764;3,45;10,61;Gauche
Haute-Savoie;L'ALTERNATIVE EN AUVERGNE;VALLAUD-BELKACEM Najat;13054;2,4;8,59;Gauche
Ardennes;L'APPEL INeDIT;FILIPPETTI Aurelie;4883;2,65;8,79;Gauche
Aube;L'APPEL INeDIT;FILIPPETTI Aurelie;4689;2,31;7,57;Gauche
Marne;L'APPEL INeDIT;FILIPPETTI Aurelie;8386;2,24;8,14;Gauche
Haute-Marne;L'APPEL INeDIT;FILIPPETTI Aurelie;3825;2,94;8,84;Gauche
Meurthe-et-Moselle;L'APPEL INeDIT;FILIPPETTI Aurelie;19723;4,05;14,29;Gauche
Meuse;L'APPEL INeDIT;FILIPPETTI Aurelie;4641;3,45;10,84;Gauche
Moselle;L'APPEL INeDIT;FILIPPETTI Aurelie;19908;2,69;10,6;Gauche
Bas-Rhin;L'APPEL INeDIT;FILIPPETTI Aurelie;13733;1,78;6,29;Gauche
Haut-Rhin;L'APPEL INeDIT;FILIPPETTI Aurelie;6011;1,14;4,21;Gauche
Vosges;L'APPEL INeDIT;FILIPPETTI Aurelie;7369;2,66;8,68;Gauche
Alpes-de-Haute-Provence;ECOLOGIE AU CENTRE;GOVERNATORI Jean-Marc;2707;2,14;5,62;Ecologisme
Hautes-Alpes;ECOLOGIE AU CENTRE;GOVERNATORI Jean-Marc;2460;2,21;5,57;Ecologisme
Alpes-Maritimes;ECOLOGIE AU CENTRE;GOVERNATORI Jean-Marc;14769;1,95;5,92;Ecologisme
Bouches-du-Rhone;ECOLOGIE AU CENTRE;GOVERNATORI Jean-Marc;21557;1,56;5,04;Ecologisme
Var;ECOLOGIE AU CENTRE;GOVERNATORI Jean-Marc;12213;1,53;4,84;Ecologisme
Vaucluse;ECOLOGIE AU CENTRE;GOVERNATORI Jean-Marc;7285;1,8;5,45;Ecologisme
Loire-Atlantique;L'ECOLOGIE ENSEMBLE, SOLI;ORPHELIN Matthieu;69948;6,79;22,71;Ecologisme
Maine-et-Loire;L'ECOLOGIE ENSEMBLE, SOLI;ORPHELIN Matthieu;36332;6,28;22,56;Ecologisme
Mayenne;L'ECOLOGIE ENSEMBLE, SOLI;ORPHELIN Matthieu;6790;3,04;10,02;Ecologisme
Sarthe;L'ECOLOGIE ENSEMBLE, SOLI;ORPHELIN Matthieu;17301;4,23;15,14;Ecologisme
Vendee;L'ECOLOGIE ENSEMBLE, SOLI;ORPHELIN Matthieu;21710;4,06;13,38;Ecologisme
Paris;L'eCOLOGIE eVIDEMMENT;BAYOU Julien;80895;6,12;17,97;Ecologisme
Seine-et-Marne;L'eCOLOGIE eVIDEMMENT;BAYOU Julien;22443;2,53;9,42;Ecologisme
Yvelines;L'eCOLOGIE eVIDEMMENT;BAYOU Julien;36907;3,86;11,73;Ecologisme
Essonne;L'eCOLOGIE eVIDEMMENT;BAYOU Julien;29276;3,68;12,54;Ecologisme
Hauts-de-Seine;L'eCOLOGIE eVIDEMMENT;BAYOU Julien;43557;4,45;13,02;Ecologisme
Seine-Saint-Denis;L'eCOLOGIE eVIDEMMENT;BAYOU Julien;20685;2,64;11,29;Ecologisme
Val-de-Marne;L'eCOLOGIE eVIDEMMENT;BAYOU Julien;29080;3,7;12,7;Ecologisme
Val-d'Oise;L'eCOLOGIE eVIDEMMENT;BAYOU Julien;19659;2,7;10,5;Ecologisme
Ain;L'eCOLOGIE, C'EST POSSIBL;GREBERT Fabienne;16683;3,93;12,88;Ecologisme
Allier;L'eCOLOGIE, C'EST POSSIBL;GREBERT Fabienne;6973;2,83;8,1;Ecologisme
Ardeche;L'eCOLOGIE, C'EST POSSIBL;GREBERT Fabienne;11229;4,47;12,47;Ecologisme
Cantal;L'eCOLOGIE, C'EST POSSIBL;GREBERT Fabienne;3248;2,83;7,03;Ecologisme
Drome;L'eCOLOGIE, C'EST POSSIBL;GREBERT Fabienne;19901;5,32;16,2;Ecologisme
Isere;L'eCOLOGIE, C'EST POSSIBL;GREBERT Fabienne;47753;5,51;17,74;Ecologisme
Loire;L'eCOLOGIE, C'EST POSSIBL;GREBERT Fabienne;17462;3,46;11,86;Ecologisme
Haute-Loire;L'eCOLOGIE, C'EST POSSIBL;GREBERT Fabienne;6274;3,52;8,92;Ecologisme
Puy-de-Dome;L'eCOLOGIE, C'EST POSSIBL;GREBERT Fabienne;18717;4,08;11,72;Ecologisme
Rhone;L'eCOLOGIE, C'EST POSSIBL;GREBERT Fabienne;55623;4,93;16,41;Ecologisme
Savoie;L'eCOLOGIE, C'EST POSSIBL;GREBERT Fabienne;16301;5,23;16,07;Ecologisme
Haute-Savoie;L'eCOLOGIE, C'EST POSSIBL;GREBERT Fabienne;27853;5,12;18,32;Ecologisme
Ariege;OCCITNIE COMMUN AC DELGA;DELGA Carole;22587;19,19;47,49;Gauche
Aude;OCCITNIE COMMUN AC DELGA;DELGA Carole;42010;15,33;40,72;Gauche
Aveyron;OCCITNIE COMMUN AC DELGA;DELGA Carole;39439;18,11;44,16;Gauche
Gard;OCCITNIE COMMUN AC DELGA;DELGA Carole;58201;10,71;33,47;Gauche
Haute-Garonne;OCCITNIE COMMUN AC DELGA;DELGA Carole;133513;14,88;41,65;Gauche
Gers;OCCITNIE COMMUN AC DELGA;DELGA Carole;27443;18,89;44,38;Gauche
Herault;OCCITNIE COMMUN AC DELGA;DELGA Carole;98200;11,98;37,27;Gauche
Lot;OCCITNIE COMMUN AC DELGA;DELGA Carole;19454;14,23;33,76;Gauche
Lozere;OCCITNIE COMMUN AC DELGA;DELGA Carole;13310;22,42;49,17;Gauche
Hautes-Pyrenees;OCCITNIE COMMUN AC DELGA;DELGA Carole;31186;17,69;47,12;Gauche
Pyrenees-Orientales;OCCITNIE COMMUN AC DELGA;DELGA Carole;40347;11,39;33,95;Gauche
Tarn;OCCITNIE COMMUN AC DELGA;DELGA Carole;45318;15,45;41,44;Gauche
Tarn-et-Garonne;OCCITNIE COMMUN AC DELGA;DELGA Carole;26149;14,12;37,24;Gauche
Ariege;L'OCCITANIE NATURELLMNT;MAURICE Antoine;3897;3,31;8,19;Ecologisme
Aude;L'OCCITANIE NATURELLMNT;MAURICE Antoine;7451;2,72;7,22;Ecologisme
Aveyron;L'OCCITANIE NATURELLMNT;MAURICE Antoine;5662;2,6;6,34;Ecologisme
Gard;L'OCCITANIE NATURELLMNT;MAURICE Antoine;13928;2,56;8,01;Ecologisme
Haute-Garonne;L'OCCITANIE NATURELLMNT;MAURICE Antoine;37798;4,21;11,79;Ecologisme
Gers;L'OCCITANIE NATURELLMNT;MAURICE Antoine;5059;3,48;8,18;Ecologisme
Herault;L'OCCITANIE NATURELLMNT;MAURICE Antoine;23618;2,88;8,96;Ecologisme
Lot;L'OCCITANIE NATURELLMNT;MAURICE Antoine;4609;3,37;8;Ecologisme
Lozere;L'OCCITANIE NATURELLMNT;MAURICE Antoine;1881;3,17;6,95;Ecologisme
Hautes-Pyrenees;L'OCCITANIE NATURELLMNT;MAURICE Antoine;5447;3,09;8,23;Ecologisme
Pyrenees-Orientales;L'OCCITANIE NATURELLMNT;MAURICE Antoine;9373;2,65;7,89;Ecologisme
Tarn;L'OCCITANIE NATURELLMNT;MAURICE Antoine;9036;3,08;8,26;Ecologisme
Tarn-et-Garonne;L'OCCITANIE NATURELLMNT;MAURICE Antoine;5624;3,04;8,01;Ecologisme
Charente;LUFR;DARRIEUSSECQ Genevieve;13854;5,45;17,36;Centre
Charente-Maritime;LUFR;DARRIEUSSECQ Genevieve;22909;4,56;14,19;Centre
Correze;LUFR;DARRIEUSSECQ Genevieve;5790;3,16;8,02;Centre
Creuse;LUFR;DARRIEUSSECQ Genevieve;3409;3,76;10,22;Centre
Dordogne;LUFR;DARRIEUSSECQ Genevieve;12456;4;10,44;Centre
Gironde;LUFR;DARRIEUSSECQ Genevieve;44993;4,04;12,45;Centre
Landes;LUFR;DARRIEUSSECQ Genevieve;27312;8,57;22,24;Centre
Lot-et-Garonne;LUFR;DARRIEUSSECQ Genevieve;11648;4,88;13,2;Centre
Pyrenees-Atlantiques;LUFR;DARRIEUSSECQ Genevieve;25757;5,09;13,75;Centre
Deux-Sevres;LUFR;DARRIEUSSECQ Genevieve;12650;4,7;15,61;Centre
Vienne;LUFR;DARRIEUSSECQ Genevieve;14276;4,72;14,86;Centre
Haute-Vienne;LUFR;DARRIEUSSECQ Genevieve;9713;3,73;10,7;Centre
Cotes-d'Armor;LA BRETAGNE AVEC LOÏG;CHESNAIS-GIRARD Loïg;35790;7,76;20,88;Gauche
Finistere;LA BRETAGNE AVEC LOÏG;CHESNAIS-GIRARD Loïg;52287;7,55;22,21;Gauche
Ille-et-Vilaine;LA BRETAGNE AVEC LOÏG;CHESNAIS-GIRARD Loïg;49666;6,64;19,94;Gauche
Morbihan;LA BRETAGNE AVEC LOÏG;CHESNAIS-GIRARD Loïg;40619;6,86;20,79;Gauche
Cotes-d'Armor;LA BRETAGNE EN HERITAGE;CHAUVEL Yves;188;0,04;0,11;Droite radicale et extreme droite
Finistere;LA BRETAGNE EN HERITAGE;CHAUVEL Yves;676;0,1;0,29;Droite radicale et extreme droite
Ille-et-Vilaine;LA BRETAGNE EN HERITAGE;CHAUVEL Yves;602;0,08;0,24;Droite radicale et extreme droite
Morbihan;LA BRETAGNE EN HERITAGE;CHAUVEL Yves;378;0,06;0,19;Droite radicale et extreme droite
Ardennes;FORCE TERRITOIRES;KLINKERT Brigitte;2547;1,38;4,59;Centre
Aube;FORCE TERRITOIRES;KLINKERT Brigitte;4028;1,98;6,5;Centre
Marne;FORCE TERRITOIRES;KLINKERT Brigitte;6528;1,74;6,34;Centre
Haute-Marne;FORCE TERRITOIRES;KLINKERT Brigitte;2745;2,11;6,35;Centre
Meurthe-et-Moselle;FORCE TERRITOIRES;KLINKERT Brigitte;10357;2,13;7,5;Centre
Meuse;FORCE TERRITOIRES;KLINKERT Brigitte;2546;1,89;5,95;Centre
Moselle;FORCE TERRITOIRES;KLINKERT Brigitte;13256;1,79;7,06;Centre
Bas-Rhin;FORCE TERRITOIRES;KLINKERT Brigitte;34196;4,44;15,67;Centre
Haut-Rhin;FORCE TERRITOIRES;KLINKERT Brigitte;34926;6,62;24,46;Centre
Vosges;FORCE TERRITOIRES;KLINKERT Brigitte;4991;1,8;5,88;Centre
Guyane;LA LISTE GUYANE;FEREIRA Jean Paul;8020;7,88;23,34;Gauche
Martinique;LA MARTINIQUE AVANCE;FERDINAND Guy Christian Marie;1018;0,33;1,06;Autre
Martinique;LA MARTINIQUE ENSEMBLE;CONCONNE Catherine;10166;3,32;10,63;Gauche
Calvados;LA NORMANDIE NOUS RASSEMB;BOULANGER Melanie;34665;6,92;20,94;Gauche
Eure;LA NORMANDIE NOUS RASSEMB;BOULANGER Melanie;20968;4,9;15,5;Gauche
Manche;LA NORMANDIE NOUS RASSEMB;BOULANGER Melanie;23544;6,2;20,02;Gauche
Orne;LA NORMANDIE NOUS RASSEMB;BOULANGER Melanie;12412;6,06;18,58;Gauche
Seine-Maritime;LA NORMANDIE NOUS RASSEMB;BOULANGER Melanie;47058;5,4;17,45;Gauche
Guadeloupe;L N V C M A L P;MATHIASIN Max, Mathias;5090;1,61;5,56;Gauche
Guadeloupe;LRSP;NANOR Christelle, Renee;1287;0,41;1,41;Autre
Loire-Atlantique;REGION TOUS LES PROGRES;DE RUGY Francois;40180;3,9;13,04;Centre
Maine-et-Loire;REGION TOUS LES PROGRES;DE RUGY Francois;20459;3,54;12,71;Centre
Mayenne;REGION TOUS LES PROGRES;DE RUGY Francois;5028;2,25;7,42;Centre
Sarthe;REGION TOUS LES PROGRES;DE RUGY Francois;9497;2,32;8,31;Centre
Vendee;REGION TOUS LES PROGRES;DE RUGY Francois;22207;4,16;13,69;Centre
Cote-d'Or;LA REGION PARTOUT ET POUR;THURIOT Denis;16052;4,48;12,92;Centre
Doubs;LA REGION PARTOUT ET POUR;THURIOT Denis;10850;2,99;9,17;Centre
Jura;LA REGION PARTOUT ET POUR;THURIOT Denis;5479;2,93;8,68;Centre
Nievre;LA REGION PARTOUT ET POUR;THURIOT Denis;12687;8,21;25,4;Centre
Haute-Saone;LA REGION PARTOUT ET POUR;THURIOT Denis;6535;3,7;9,79;Centre
Saone-et-Loire;LA REGION PARTOUT ET POUR;THURIOT Denis;13580;3,4;10,93;Centre
Yonne;LA REGION PARTOUT ET POUR;THURIOT Denis;8319;3,53;10,66;Centre
Territoire de Belfort;LA REGION PARTOUT ET POUR;THURIOT Denis;2955;3,18;10,13;Centre
La Reunion;LA ReUNION DES TERRITOIRE;LEBRETON Patrick;17977;2,69;7,78;Gauche
Ain;LAURENT WAUQUIEZ - LA ReG;WAUQUIEZ Laurent;56166;13,23;43,36;Droite
Allier;LAURENT WAUQUIEZ - LA ReG;WAUQUIEZ Laurent;46625;18,91;54,18;Droite
Ardeche;LAURENT WAUQUIEZ - LA ReG;WAUQUIEZ Laurent;39347;15,68;43,69;Droite
Cantal;LAURENT WAUQUIEZ - LA ReG;WAUQUIEZ Laurent;30546;26,64;66,1;Droite
Drome;LAURENT WAUQUIEZ - LA ReG;WAUQUIEZ Laurent;47427;12,68;38,61;Droite
Isere;LAURENT WAUQUIEZ - LA ReG;WAUQUIEZ Laurent;93934;10,85;34,9;Droite
Loire;LAURENT WAUQUIEZ - LA ReG;WAUQUIEZ Laurent;66633;13,21;45,25;Droite
Haute-Loire;LAURENT WAUQUIEZ - LA ReG;WAUQUIEZ Laurent;47647;26,7;67,71;Droite
Puy-de-Dome;LAURENT WAUQUIEZ - LA ReG;WAUQUIEZ Laurent;78120;17,04;48,91;Droite
Rhone;LAURENT WAUQUIEZ - LA ReG;WAUQUIEZ Laurent;134308;11,9;39,62;Droite
Savoie;LAURENT WAUQUIEZ - LA ReG;WAUQUIEZ Laurent;43621;14;43,01;Droite
Haute-Savoie;LAURENT WAUQUIEZ - LA ReG;WAUQUIEZ Laurent;67001;12,31;44,07;Droite
Paris;LE CHOIX DE LA SeCURITe;BARDELLA Jordan;35361;2,68;7,86;Droite radicale et extreme droite
Seine-et-Marne;LE CHOIX DE LA SeCURITe;BARDELLA Jordan;52715;5,93;22,13;Droite radicale et extreme droite
Yvelines;LE CHOIX DE LA SeCURITe;BARDELLA Jordan;45342;4,74;14,41;Droite radicale et extreme droite
Essonne;LE CHOIX DE LA SeCURITe;BARDELLA Jordan;39210;4,93;16,79;Droite radicale et extreme droite
Hauts-de-Seine;LE CHOIX DE LA SeCURITe;BARDELLA Jordan;31505;3,22;9,42;Droite radicale et extreme droite
Seine-Saint-Denis;LE CHOIX DE LA SeCURITe;BARDELLA Jordan;22203;2,83;12,12;Droite radicale et extreme droite
Val-de-Marne;LE CHOIX DE LA SeCURITe;BARDELLA Jordan;25803;3,28;11,27;Droite radicale et extreme droite
Val-d'Oise;LE CHOIX DE LA SeCURITe;BARDELLA Jordan;32976;4,52;17,6;Droite radicale et extreme droite
Charente;LMRR-JL;PUYJALON Eddie;4529;1,78;5,67;Droite
Charente-Maritime;LMRR-JL;PUYJALON Eddie;9296;1,85;5,76;Droite
Correze;LMRR-JL;PUYJALON Eddie;5407;2,95;7,49;Droite
Creuse;LMRR-JL;PUYJALON Eddie;2332;2,57;6,99;Droite
Dordogne;LMRR-JL;PUYJALON Eddie;10113;3,24;8,47;Droite
Gironde;LMRR-JL;PUYJALON Eddie;18072;1,62;5;Droite
Landes;LMRR-JL;PUYJALON Eddie;10943;3,43;8,91;Droite
Lot-et-Garonne;LMRR-JL;PUYJALON Eddie;9588;4,02;10,87;Droite
Pyrenees-Atlantiques;LMRR-JL;PUYJALON Eddie;25555;5,05;13,64;Droite
Deux-Sevres;LMRR-JL;PUYJALON Eddie;3375;1,25;4,17;Droite
Vienne;LMRR-JL;PUYJALON Eddie;4728;1,56;4,92;Droite
Haute-Vienne;LMRR-JL;PUYJALON Eddie;4944;1,9;5,44;Droite
La Reunion;LE PROJET REUNIONNAIS;CADET Philippe;6107;0,91;2,64;Droite
Alpes-de-Haute-Provence;RASSEMBLEMENT ECO SOCIAL;FELIZIA Jean-Laurent;10512;8,32;21,83;Ecologisme
Hautes-Alpes;RASSEMBLEMENT ECO SOCIAL;FELIZIA Jean-Laurent;9869;8,85;22,34;Ecologisme
Alpes-Maritimes;RASSEMBLEMENT ECO SOCIAL;FELIZIA Jean-Laurent;31294;4,13;12,54;Ecologisme
Bouches-du-Rhone;RASSEMBLEMENT ECO SOCIAL;FELIZIA Jean-Laurent;88529;6,39;20,69;Ecologisme
Var;RASSEMBLEMENT ECO SOCIAL;FELIZIA Jean-Laurent;31014;3,9;12,28;Ecologisme
Vaucluse;RASSEMBLEMENT ECO SOCIAL;FELIZIA Jean-Laurent;24015;5,94;17,96;Ecologisme
Cote-d'Or;LE TEMPS DES CERISES;FAUDOT Bastien;5754;1,61;4,63;Gauche
Doubs;LE TEMPS DES CERISES;FAUDOT Bastien;5362;1,48;4,53;Gauche
Jura;LE TEMPS DES CERISES;FAUDOT Bastien;2936;1,57;4,65;Gauche
Nievre;LE TEMPS DES CERISES;FAUDOT Bastien;2197;1,42;4,4;Gauche
Haute-Saone;LE TEMPS DES CERISES;FAUDOT Bastien;2308;1,31;3,46;Gauche
Saone-et-Loire;LE TEMPS DES CERISES;FAUDOT Bastien;5136;1,29;4,13;Gauche
Yonne;LE TEMPS DES CERISES;FAUDOT Bastien;3650;1,55;4,67;Gauche
Territoire de Belfort;LE TEMPS DES CERISES;FAUDOT Bastien;2081;2,24;7,13;Gauche
Corse-du-Sud;LES NOTRES AVANT LES AUTR;FILONI Francois;2647;2,36;4,25;Gauche
Haute-Corse;LES NOTRES AVANT LES AUTR;FILONI Francois;2731;2,14;3,78;Gauche
Ardennes;LIBERTe !;PHILIPPOT Florian;4175;2,26;7,52;Droite radicale et extreme droite
Aube;LIBERTe !;PHILIPPOT Florian;5150;2,53;8,32;Droite radicale et extreme droite
Marne;LIBERTe !;PHILIPPOT Florian;7143;1,9;6,93;Droite radicale et extreme droite
Haute-Marne;LIBERTe !;PHILIPPOT Florian;3692;2,84;8,53;Droite radicale et extreme droite
Meurthe-et-Moselle;LIBERTe !;PHILIPPOT Florian;9040;1,86;6,55;Droite radicale et extreme droite
Meuse;LIBERTe !;PHILIPPOT Florian;4028;2,99;9,41;Droite radicale et extreme droite
Moselle;LIBERTe !;PHILIPPOT Florian;16076;2,17;8,56;Droite radicale et extreme droite
Bas-Rhin;LIBERTe !;PHILIPPOT Florian;11238;1,46;5,15;Droite radicale et extreme droite
Haut-Rhin;LIBERTe !;PHILIPPOT Florian;7870;1,49;5,51;Droite radicale et extreme droite
Vosges;LIBERTe !;PHILIPPOT Florian;6568;2,37;7,73;Droite radicale et extreme droite
Paris;AGIR POUR NE PLUS SUBIR;BERLINGEN eric;34;0;0,01;Centre
Seine-et-Marne;AGIR POUR NE PLUS SUBIR;BERLINGEN eric;1224;0,14;0,51;Centre
Yvelines;AGIR POUR NE PLUS SUBIR;BERLINGEN eric;1507;0,16;0,48;Centre
Essonne;AGIR POUR NE PLUS SUBIR;BERLINGEN eric;1594;0,2;0,68;Centre
Hauts-de-Seine;AGIR POUR NE PLUS SUBIR;BERLINGEN eric;2163;0,22;0,65;Centre
Seine-Saint-Denis;AGIR POUR NE PLUS SUBIR;BERLINGEN eric;3221;0,41;1,76;Centre
Val-de-Marne;AGIR POUR NE PLUS SUBIR;BERLINGEN eric;1312;0,17;0,57;Centre
Val-d'Oise;AGIR POUR NE PLUS SUBIR;BERLINGEN eric;1677;0,23;0,9;Centre
La Reunion;LISTE CONDUITE PAR BELLO;BELLO Huguette;47899;7,16;20,74;Gauche
Charente;LUDC-NF;FLORIAN Nicolas;7690;3,03;9,63;Droite
Charente-Maritime;LUDC-NF;FLORIAN Nicolas;21964;4,37;13,6;Droite
Correze;LUDC-NF;FLORIAN Nicolas;18601;10,14;25,78;Droite
Creuse;LUDC-NF;FLORIAN Nicolas;6583;7,25;19,73;Droite
Dordogne;LUDC-NF;FLORIAN Nicolas;12226;3,92;10,25;Droite
Gironde;LUDC-NF;FLORIAN Nicolas;47675;4,28;13,2;Droite
Landes;LUDC-NF;FLORIAN Nicolas;9383;2,94;7,64;Droite
Lot-et-Garonne;LUDC-NF;FLORIAN Nicolas;9758;4,09;11,06;Droite
Pyrenees-Atlantiques;LUDC-NF;FLORIAN Nicolas;18557;3,67;9,91;Droite
Deux-Sevres;LUDC-NF;FLORIAN Nicolas;9820;3,65;12,12;Droite
Vienne;LUDC-NF;FLORIAN Nicolas;11107;3,67;11,56;Droite
Haute-Vienne;LUDC-NF;FLORIAN Nicolas;12984;4,99;14,3;Droite
Ain;LISTE RASSEMBLEMENT NATIO;KOTARAC Andrea;21159;4,98;16,34;Droite radicale et extreme droite
Allier;LISTE RASSEMBLEMENT NATIO;KOTARAC Andrea;8830;3,58;10,26;Droite radicale et extreme droite
Ardeche;LISTE RASSEMBLEMENT NATIO;KOTARAC Andrea;11711;4,67;13;Droite radicale et extreme droite
Cantal;LISTE RASSEMBLEMENT NATIO;KOTARAC Andrea;2513;2,19;5,44;Droite radicale et extreme droite
Drome;LISTE RASSEMBLEMENT NATIO;KOTARAC Andrea;18405;4,92;14,98;Droite radicale et extreme droite
Isere;LISTE RASSEMBLEMENT NATIO;KOTARAC Andrea;38476;4,44;14,29;Droite radicale et extreme droite
Loire;LISTE RASSEMBLEMENT NATIO;KOTARAC Andrea;20371;4,04;13,83;Droite radicale et extreme droite
Haute-Loire;LISTE RASSEMBLEMENT NATIO;KOTARAC Andrea;4243;2,38;6,03;Droite radicale et extreme droite
Puy-de-Dome;LISTE RASSEMBLEMENT NATIO;KOTARAC Andrea;14269;3,11;8,93;Droite radicale et extreme droite
Rhone;LISTE RASSEMBLEMENT NATIO;KOTARAC Andrea;37905;3,36;11,18;Droite radicale et extreme droite
Savoie;LISTE RASSEMBLEMENT NATIO;KOTARAC Andrea;13917;4,47;13,72;Droite radicale et extreme droite
Haute-Savoie;LISTE RASSEMBLEMENT NATIO;KOTARAC Andrea;19379;3,56;12,75;Droite radicale et extreme droite
Paris;LUTTE OUVRIERE - FAIRE EN;ARTHAUD Nathalie;5295;0,4;1,18;Gauche radicale et extreme gauche
Seine-et-Marne;LUTTE OUVRIERE - FAIRE EN;ARTHAUD Nathalie;4010;0,45;1,68;Gauche radicale et extreme gauche
Yvelines;LUTTE OUVRIERE - FAIRE EN;ARTHAUD Nathalie;3360;0,35;1,07;Gauche radicale et extreme gauche
Essonne;LUTTE OUVRIERE - FAIRE EN;ARTHAUD Nathalie;3616;0,45;1,55;Gauche radicale et extreme gauche
Hauts-de-Seine;LUTTE OUVRIERE - FAIRE EN;ARTHAUD Nathalie;3676;0,38;1,1;Gauche radicale et extreme gauche
Seine-Saint-Denis;LUTTE OUVRIERE - FAIRE EN;ARTHAUD Nathalie;4654;0,59;2,54;Gauche radicale et extreme gauche
Val-de-Marne;LUTTE OUVRIERE - FAIRE EN;ARTHAUD Nathalie;4069;0,52;1,78;Gauche radicale et extreme gauche
Val-d'Oise;LUTTE OUVRIERE - FAIRE EN;ARTHAUD Nathalie;3276;0,45;1,75;Gauche radicale et extreme gauche
Loire-Atlantique;LUTTE OUVRIERE;LE BELLER Eddy;8396;0,81;2,73;Gauche radicale et extreme gauche
Maine-et-Loire;LUTTE OUVRIERE;LE BELLER Eddy;4195;0,73;2,61;Gauche radicale et extreme gauche
Mayenne;LUTTE OUVRIERE;LE BELLER Eddy;1233;0,55;1,82;Gauche radicale et extreme gauche
Sarthe;LUTTE OUVRIERE;LE BELLER Eddy;3724;0,91;3,26;Gauche radicale et extreme gauche
Vendee;LUTTE OUVRIERE;LE BELLER Eddy;3802;0,71;2,34;Gauche radicale et extreme gauche
La Reunion;LUTTE OUVRIERE;PAYET Jean Yves;2627;0,39;1,14;Gauche radicale et extreme gauche
Ariege;LO LE CMP DS TRAVAILLEURS;ADRADA Malena;1058;0,9;2,22;Gauche radicale et extreme gauche
Aude;LO LE CMP DS TRAVAILLEURS;ADRADA Malena;2068;0,75;2;Gauche radicale et extreme gauche
Aveyron;LO LE CMP DS TRAVAILLEURS;ADRADA Malena;1309;0,6;1,47;Gauche radicale et extreme gauche
Gard;LO LE CMP DS TRAVAILLEURS;ADRADA Malena;3501;0,64;2,01;Gauche radicale et extreme gauche
Haute-Garonne;LO LE CMP DS TRAVAILLEURS;ADRADA Malena;4331;0,48;1,35;Gauche radicale et extreme gauche
Gers;LO LE CMP DS TRAVAILLEURS;ADRADA Malena;1114;0,77;1,8;Gauche radicale et extreme gauche
Herault;LO LE CMP DS TRAVAILLEURS;ADRADA Malena;4183;0,51;1,59;Gauche radicale et extreme gauche
Lot;LO LE CMP DS TRAVAILLEURS;ADRADA Malena;959;0,7;1,66;Gauche radicale et extreme gauche
Lozere;LO LE CMP DS TRAVAILLEURS;ADRADA Malena;569;0,96;2,1;Gauche radicale et extreme gauche
Hautes-Pyrenees;LO LE CMP DS TRAVAILLEURS;ADRADA Malena;1604;0,91;2,42;Gauche radicale et extreme gauche
Pyrenees-Orientales;LO LE CMP DS TRAVAILLEURS;ADRADA Malena;2581;0,73;2,17;Gauche radicale et extreme gauche
Tarn;LO LE CMP DS TRAVAILLEURS;ADRADA Malena;1980;0,67;1,81;Gauche radicale et extreme gauche
Tarn-et-Garonne;LO LE CMP DS TRAVAILLEURS;ADRADA Malena;1463;0,79;2,08;Gauche radicale et extreme gauche
Ardennes;LUTTE OUVRIeRE;FeVE Louise;2147;1,16;3,87;Gauche radicale et extreme gauche
Aube;LUTTE OUVRIeRE;FeVE Louise;1897;0,93;3,06;Gauche radicale et extreme gauche
Marne;LUTTE OUVRIeRE;FeVE Louise;2973;0,79;2,89;Gauche radicale et extreme gauche
Haute-Marne;LUTTE OUVRIeRE;FeVE Louise;1734;1,33;4,01;Gauche radicale et extreme gauche
Meurthe-et-Moselle;LUTTE OUVRIeRE;FeVE Louise;4468;0,92;3,24;Gauche radicale et extreme gauche
Meuse;LUTTE OUVRIeRE;FeVE Louise;1610;1,2;3,76;Gauche radicale et extreme gauche
Moselle;LUTTE OUVRIeRE;FeVE Louise;5213;0,7;2,78;Gauche radicale et extreme gauche
Bas-Rhin;LUTTE OUVRIeRE;FeVE Louise;3287;0,43;1,51;Gauche radicale et extreme gauche
Haut-Rhin;LUTTE OUVRIeRE;FeVE Louise;2113;0,4;1,48;Gauche radicale et extreme gauche
Vosges;LUTTE OUVRIeRE;FeVE Louise;2649;0,96;3,12;Gauche radicale et extreme gauche
Ain;LUTTE OUVRIeRE - FAIRE EN;GOMEZ Chantal;1936;0,46;1,49;Gauche radicale et extreme gauche
Allier;LUTTE OUVRIeRE - FAIRE EN;GOMEZ Chantal;1860;0,75;2,16;Gauche radicale et extreme gauche
Ardeche;LUTTE OUVRIeRE - FAIRE EN;GOMEZ Chantal;1720;0,69;1,91;Gauche radicale et extreme gauche
Cantal;LUTTE OUVRIeRE - FAIRE EN;GOMEZ Chantal;809;0,71;1,75;Gauche radicale et extreme gauche
Drome;LUTTE OUVRIeRE - FAIRE EN;GOMEZ Chantal;2200;0,59;1,79;Gauche radicale et extreme gauche
Isere;LUTTE OUVRIeRE - FAIRE EN;GOMEZ Chantal;4569;0,53;1,7;Gauche radicale et extreme gauche
Loire;LUTTE OUVRIeRE - FAIRE EN;GOMEZ Chantal;2506;0,5;1,7;Gauche radicale et extreme gauche
Haute-Loire;LUTTE OUVRIeRE - FAIRE EN;GOMEZ Chantal;887;0,5;1,26;Gauche radicale et extreme gauche
Puy-de-Dome;LUTTE OUVRIeRE - FAIRE EN;GOMEZ Chantal;3105;0,68;1,94;Gauche radicale et extreme gauche
Rhone;LUTTE OUVRIeRE - FAIRE EN;GOMEZ Chantal;3936;0,35;1,16;Gauche radicale et extreme gauche
Savoie;LUTTE OUVRIeRE - FAIRE EN;GOMEZ Chantal;1422;0,46;1,4;Gauche radicale et extreme gauche
Haute-Savoie;LUTTE OUVRIeRE - FAIRE EN;GOMEZ Chantal;1792;0,33;1,18;Gauche radicale et extreme gauche
Cotes-d'Armor;LUTTE OUVRIeRE;HAMON Valerie;4704;1,02;2,74;Gauche radicale et extreme gauche
Finistere;LUTTE OUVRIeRE;HAMON Valerie;5838;0,84;2,48;Gauche radicale et extreme gauche
Ille-et-Vilaine;LUTTE OUVRIeRE;HAMON Valerie;4806;0,64;1,93;Gauche radicale et extreme gauche
Morbihan;LUTTE OUVRIeRE;HAMON Valerie;3860;0,65;1,98;Gauche radicale et extreme gauche
Calvados;LO FAIRE ENTENDRE LE CAMP;LE MANACH Pascal;5220;1,04;3,15;Gauche radicale et extreme gauche
Eure;LO FAIRE ENTENDRE LE CAMP;LE MANACH Pascal;4214;0,99;3,12;Gauche radicale et extreme gauche
Manche;LO FAIRE ENTENDRE LE CAMP;LE MANACH Pascal;3755;0,99;3,19;Gauche radicale et extreme gauche
Orne;LO FAIRE ENTENDRE LE CAMP;LE MANACH Pascal;2311;1,13;3,46;Gauche radicale et extreme gauche
Seine-Maritime;LO FAIRE ENTENDRE LE CAMP;LE MANACH Pascal;8233;0,94;3,05;Gauche radicale et extreme gauche
Cher;LUTTE OUVRIeRE;MEGDOUD Farida;2179;0,97;3,11;Gauche radicale et extreme gauche
Eure-et-Loir;LUTTE OUVRIeRE;MEGDOUD Farida;2331;0,77;2,55;Gauche radicale et extreme gauche
Indre;LUTTE OUVRIeRE;MEGDOUD Farida;1629;0,98;2,9;Gauche radicale et extreme gauche
Indre-et-Loire;LUTTE OUVRIeRE;MEGDOUD Farida;3177;0,73;2,49;Gauche radicale et extreme gauche
Loir-et-Cher;LUTTE OUVRIeRE;MEGDOUD Farida;2076;0,86;2,52;Gauche radicale et extreme gauche
Loiret;LUTTE OUVRIeRE;MEGDOUD Farida;3163;0,7;2,24;Gauche radicale et extreme gauche
Aisne;LUTTE OUVRIeRE;PECQUEUR eric;3856;1,04;3,1;Gauche radicale et extreme gauche
Nord;LUTTE OUVRIeRE;PECQUEUR eric;17618;0,98;3,35;Gauche radicale et extreme gauche
Oise;LUTTE OUVRIeRE;PECQUEUR eric;5084;0,91;2,92;Gauche radicale et extreme gauche
Pas-de-Calais;LUTTE OUVRIeRE;PECQUEUR eric;15147;1,39;4,15;Gauche radicale et extreme gauche
Somme;LUTTE OUVRIeRE;PECQUEUR eric;5620;1,38;3,98;Gauche radicale et extreme gauche
Charente;LO-FECT;PERCHET Guillaume;1832;0,72;2,3;Gauche radicale et extreme gauche
Charente-Maritime;LO-FECT;PERCHET Guillaume;2903;0,58;1,8;Gauche radicale et extreme gauche
Correze;LO-FECT;PERCHET Guillaume;1492;0,81;2,07;Gauche radicale et extreme gauche
Creuse;LO-FECT;PERCHET Guillaume;727;0,8;2,18;Gauche radicale et extreme gauche
Dordogne;LO-FECT;PERCHET Guillaume;2336;0,75;1,96;Gauche radicale et extreme gauche
Gironde;LO-FECT;PERCHET Guillaume;4650;0,42;1,29;Gauche radicale et extreme gauche
Landes;LO-FECT;PERCHET Guillaume;1575;0,49;1,28;Gauche radicale et extreme gauche
Lot-et-Garonne;LO-FECT;PERCHET Guillaume;1542;0,65;1,75;Gauche radicale et extreme gauche
Pyrenees-Atlantiques;LO-FECT;PERCHET Guillaume;3030;0,6;1,62;Gauche radicale et extreme gauche
Deux-Sevres;LO-FECT;PERCHET Guillaume;1646;0,61;2,03;Gauche radicale et extreme gauche
Vienne;LO-FECT;PERCHET Guillaume;2256;0,75;2,35;Gauche radicale et extreme gauche
Haute-Vienne;LO-FECT;PERCHET Guillaume;2023;0,78;2,23;Gauche radicale et extreme gauche
Cote-d'Or;LUTTE OUVRIERE FAIRE ENTE;ROCHER Claire;3064;0,86;2,47;Gauche radicale et extreme gauche
Doubs;LUTTE OUVRIERE FAIRE ENTE;ROCHER Claire;2646;0,73;2,24;Gauche radicale et extreme gauche
Jura;LUTTE OUVRIERE FAIRE ENTE;ROCHER Claire;1777;0,95;2,81;Gauche radicale et extreme gauche
Nievre;LUTTE OUVRIERE FAIRE ENTE;ROCHER Claire;1835;1,19;3,67;Gauche radicale et extreme gauche
Haute-Saone;LUTTE OUVRIERE FAIRE ENTE;ROCHER Claire;2021;1,14;3,03;Gauche radicale et extreme gauche
Saone-et-Loire;LUTTE OUVRIERE FAIRE ENTE;ROCHER Claire;3107;0,78;2,5;Gauche radicale et extreme gauche
Yonne;LUTTE OUVRIERE FAIRE ENTE;ROCHER Claire;2410;1,02;3,09;Gauche radicale et extreme gauche
Territoire de Belfort;LUTTE OUVRIERE FAIRE ENTE;ROCHER Claire;969;1,04;3,32;Gauche radicale et extreme gauche
Alpes-de-Haute-Provence;LUTTE OUVRIERE;BONNET Isabelle;1825;1,45;3,79;Gauche radicale et extreme gauche
Hautes-Alpes;LUTTE OUVRIERE;BONNET Isabelle;1582;1,42;3,58;Gauche radicale et extreme gauche
Alpes-Maritimes;LUTTE OUVRIERE;BONNET Isabelle;4856;0,64;1,95;Gauche radicale et extreme gauche
Bouches-du-Rhone;LUTTE OUVRIERE;BONNET Isabelle;14105;1,02;3,3;Gauche radicale et extreme gauche
Var;LUTTE OUVRIERE;BONNET Isabelle;5577;0,7;2,21;Gauche radicale et extreme gauche
Vaucluse;LUTTE OUVRIERE;BONNET Isabelle;3933;0,97;2,94;Gauche radicale et extreme gauche
Martinique;MATINIK DOUBOUT !;PETIT Philippe;612;0,2;0,64;Centre
Martinique;MI CHANS MATINIK;MONPLAISIR Yan;4470;1,46;4,68;Droite
La Reunion;NATURELLEMENT ECOLOGISTES;MARCHAU Jean-Pierre;4632;0,69;2,01;Ecologisme
Calvados;NORMANDIE TERRE D'AVENIR;BONNATERRE Laurent;16320;3,26;9,86;Centre
Eure;NORMANDIE TERRE D'AVENIR;BONNATERRE Laurent;14384;3,36;10,63;Centre
Manche;NORMANDIE TERRE D'AVENIR;BONNATERRE Laurent;12847;3,38;10,93;Centre
Orne;NORMANDIE TERRE D'AVENIR;BONNATERRE Laurent;6279;3,06;9,4;Centre
Seine-Maritime;NORMANDIE TERRE D'AVENIR;BONNATERRE Laurent;33758;3,87;12,51;Centre
Charente;NTNE-AR;ROUSSET Alain;21877;8,61;27,41;Gauche
Charente-Maritime;NTNE-AR;ROUSSET Alain;37496;7,46;23,22;Gauche
Correze;NTNE-AR;ROUSSET Alain;19279;10,51;26,72;Gauche
Creuse;NTNE-AR;ROUSSET Alain;9572;10,55;28,69;Gauche
Dordogne;NTNE-AR;ROUSSET Alain;39642;12,71;33,22;Gauche
Gironde;NTNE-AR;ROUSSET Alain;111801;10,03;30,95;Gauche
Landes;NTNE-AR;ROUSSET Alain;40376;12,67;32,88;Gauche
Lot-et-Garonne;NTNE-AR;ROUSSET Alain;22126;9,27;25,08;Gauche
Pyrenees-Atlantiques;NTNE-AR;ROUSSET Alain;55730;11,01;29,75;Gauche
Deux-Sevres;NTNE-AR;ROUSSET Alain;20508;7,62;25,31;Gauche
Vienne;NTNE-AR;ROUSSET Alain;23492;7,76;24,45;Gauche
Haute-Vienne;NTNE-AR;ROUSSET Alain;28760;11,05;31,67;Gauche
Charente;NTNA;THIERRY Nicolas;9485;3,73;11,88;Centre
Charente-Maritime;NTNA;THIERRY Nicolas;22555;4,49;13,97;Centre
Correze;NTNA;THIERRY Nicolas;7125;3,89;9,87;Centre
Creuse;NTNA;THIERRY Nicolas;3253;3,58;9,75;Centre
Dordogne;NTNA;THIERRY Nicolas;11968;3,84;10,03;Centre
Gironde;NTNA;THIERRY Nicolas;44946;4,03;12,44;Centre
Landes;NTNA;THIERRY Nicolas;9303;2,92;7,58;Centre
Lot-et-Garonne;NTNA;THIERRY Nicolas;7914;3,32;8,97;Centre
Pyrenees-Atlantiques;NTNA;THIERRY Nicolas;24633;4,87;13,15;Centre
Deux-Sevres;NTNA;THIERRY Nicolas;13501;5,01;16,66;Centre
Vienne;NTNA;THIERRY Nicolas;15579;5,15;16,21;Centre
Haute-Vienne;NTNA;THIERRY Nicolas;10289;3,95;11,33;Centre
Alpes-de-Haute-Provence;NOTRE REGION D'ABORD;MUSELIER Renaud;15282;12,1;31,73;Droite
Hautes-Alpes;NOTRE REGION D'ABORD;MUSELIER Renaud;16687;14,96;37,78;Droite
Alpes-Maritimes;NOTRE REGION D'ABORD;MUSELIER Renaud;86991;11,48;34,86;Droite
Bouches-du-Rhone;NOTRE REGION D'ABORD;MUSELIER Renaud;130416;9,42;30,48;Droite
Var;NOTRE REGION D'ABORD;MUSELIER Renaud;84630;10,63;33,51;Droite
Vaucluse;NOTRE REGION D'ABORD;MUSELIER Renaud;34931;8,65;26,12;Droite
Cote-d'Or;NOTRE REGION PAR COEUR;DUFAY Marie-Guite;30658;8,56;24,68;Gauche
Doubs;NOTRE REGION PAR COEUR;DUFAY Marie-Guite;38052;10,49;32,17;Gauche
Jura;NOTRE REGION PAR COEUR;DUFAY Marie-Guite;18473;9,87;29,25;Gauche
Nievre;NOTRE REGION PAR COEUR;DUFAY Marie-Guite;11588;7,5;23,2;Gauche
Haute-Saone;NOTRE REGION PAR COEUR;DUFAY Marie-Guite;19428;11;29,1;Gauche
Saone-et-Loire;NOTRE REGION PAR COEUR;DUFAY Marie-Guite;30359;7,6;24,42;Gauche
Yonne;NOTRE REGION PAR COEUR;DUFAY Marie-Guite;17789;7,55;22,78;Gauche
Territoire de Belfort;NOTRE REGION PAR COEUR;DUFAY Marie-Guite;7046;7,59;24,15;Gauche
Guadeloupe;NOU;SELBONNE Ronald;8591;2,71;9,39;Gauche radicale et extreme gauche
Martinique;NOU KA FE YONN;BELLAY Beatrice;3407;1,11;3,56;Gauche
Cotes-d'Armor;NOUS LA BRETAGNE;BURLOT Thierry;30318;6,58;17,69;Centre
Finistere;NOUS LA BRETAGNE;BURLOT Thierry;34166;4,93;14,51;Centre
Ille-et-Vilaine;NOUS LA BRETAGNE;BURLOT Thierry;35757;4,78;14,36;Centre
Morbihan;NOUS LA BRETAGNE;BURLOT Thierry;31979;5,4;16,37;Centre
Cher;NOUVEAU SOUFFLE;FOURNIER Charles;6167;2,76;8,81;Ecologisme
Eure-et-Loir;NOUVEAU SOUFFLE;FOURNIER Charles;9504;3,15;10,38;Ecologisme
Indre;NOUVEAU SOUFFLE;FOURNIER Charles;5280;3,18;9,4;Ecologisme
Indre-et-Loire;NOUVEAU SOUFFLE;FOURNIER Charles;17712;4,1;13,86;Ecologisme
Loir-et-Cher;NOUVEAU SOUFFLE;FOURNIER Charles;8585;3,54;10,42;Ecologisme
Loiret;NOUVEAU SOUFFLE;FOURNIER Charles;14442;3,21;10,25;Ecologisme
La Reunion;NOUVEL AVENIR;BAREIGTS Ericka;42682;6,38;18,48;Gauche
Ariege;NVEL eLAN PR L'OCCITANIE;TERRAIL-NOVeS Vincent;3708;3,15;7,8;Centre
Aude;NVEL eLAN PR L'OCCITANIE;TERRAIL-NOVeS Vincent;7017;2,56;6,8;Centre
Aveyron;NVEL eLAN PR L'OCCITANIE;TERRAIL-NOVeS Vincent;9836;4,52;11,01;Centre
Gard;NVEL eLAN PR L'OCCITANIE;TERRAIL-NOVeS Vincent;12509;2,3;7,19;Centre
Haute-Garonne;NVEL eLAN PR L'OCCITANIE;TERRAIL-NOVeS Vincent;39343;4,38;12,27;Centre
Gers;NVEL eLAN PR L'OCCITANIE;TERRAIL-NOVeS Vincent;5581;3,84;9,02;Centre
Herault;NVEL eLAN PR L'OCCITANIE;TERRAIL-NOVeS Vincent;18321;2,23;6,95;Centre
Lot;NVEL eLAN PR L'OCCITANIE;TERRAIL-NOVeS Vincent;3592;2,63;6,23;Centre
Lozere;NVEL eLAN PR L'OCCITANIE;TERRAIL-NOVeS Vincent;1450;2,44;5,36;Centre
Hautes-Pyrenees;NVEL eLAN PR L'OCCITANIE;TERRAIL-NOVeS Vincent;6852;3,89;10,35;Centre
Pyrenees-Orientales;NVEL eLAN PR L'OCCITANIE;TERRAIL-NOVeS Vincent;7343;2,07;6,18;Centre
Tarn;NVEL eLAN PR L'OCCITANIE;TERRAIL-NOVeS Vincent;10791;3,68;9,87;Centre
Tarn-et-Garonne;NVEL eLAN PR L'OCCITANIE;TERRAIL-NOVeS Vincent;6144;3,32;8,75;Centre
La Reunion;OBJECTIF RE'UNION;ROBERT Didier;71798;10,74;31,09;Droite
Ariege;OCCITANIE POP;MARTIN Myriam;3967;3,37;8,34;Gauche radicale et extreme gauche
Aude;OCCITANIE POP;MARTIN Myriam;5690;2,08;5,52;Gauche radicale et extreme gauche
Aveyron;OCCITANIE POP;MARTIN Myriam;4012;1,84;4,49;Gauche radicale et extreme gauche
Gard;OCCITANIE POP;MARTIN Myriam;7873;1,45;4,53;Gauche radicale et extreme gauche
Haute-Garonne;OCCITANIE POP;MARTIN Myriam;17412;1,94;5,43;Gauche radicale et extreme gauche
Gers;OCCITANIE POP;MARTIN Myriam;2804;1,93;4,53;Gauche radicale et extreme gauche
Herault;OCCITANIE POP;MARTIN Myriam;13551;1,65;5,14;Gauche radicale et extreme gauche
Lot;OCCITANIE POP;MARTIN Myriam;2978;2,18;5,17;Gauche radicale et extreme gauche
Lozere;OCCITANIE POP;MARTIN Myriam;1114;1,88;4,12;Gauche radicale et extreme gauche
Hautes-Pyrenees;OCCITANIE POP;MARTIN Myriam;3424;1,94;5,17;Gauche radicale et extreme gauche
Pyrenees-Orientales;OCCITANIE POP;MARTIN Myriam;5188;1,46;4,37;Gauche radicale et extreme gauche
Tarn;OCCITANIE POP;MARTIN Myriam;5458;1,86;4,99;Gauche radicale et extreme gauche
Tarn-et-Garonne;OCCITANIE POP;MARTIN Myriam;2910;1,57;4,14;Gauche radicale et extreme gauche
Charente;OEL;GUETTe Clemence;4937;1,94;6,19;Gauche radicale et extreme gauche
Charente-Maritime;OEL;GUETTe Clemence;9125;1,82;5,65;Gauche radicale et extreme gauche
Correze;OEL;GUETTe Clemence;3610;1,97;5;Gauche radicale et extreme gauche
Creuse;OEL;GUETTe Clemence;2295;2,53;6,88;Gauche radicale et extreme gauche
Dordogne;OEL;GUETTe Clemence;7418;2,38;6,22;Gauche radicale et extreme gauche
Gironde;OEL;GUETTe Clemence;20036;1,8;5,55;Gauche radicale et extreme gauche
Landes;OEL;GUETTe Clemence;4963;1,56;4,04;Gauche radicale et extreme gauche
Lot-et-Garonne;OEL;GUETTe Clemence;4721;1,98;5,35;Gauche radicale et extreme gauche
Pyrenees-Atlantiques;OEL;GUETTe Clemence;8762;1,73;4,68;Gauche radicale et extreme gauche
Deux-Sevres;OEL;GUETTe Clemence;5963;2,21;7,36;Gauche radicale et extreme gauche
Vienne;OEL;GUETTe Clemence;6891;2,28;7,17;Gauche radicale et extreme gauche
Haute-Vienne;OEL;GUETTe Clemence;5909;2,27;6,51;Gauche radicale et extreme gauche
Paris;OSER L'eCOLOGIE;PAILHAC Victor;3988;0,3;0,89;Ecologisme
Seine-et-Marne;OSER L'eCOLOGIE;PAILHAC Victor;5042;0,57;2,12;Ecologisme
Yvelines;OSER L'eCOLOGIE;PAILHAC Victor;5770;0,6;1,83;Ecologisme
Essonne;OSER L'eCOLOGIE;PAILHAC Victor;4913;0,62;2,1;Ecologisme
Hauts-de-Seine;OSER L'eCOLOGIE;PAILHAC Victor;5999;0,61;1,79;Ecologisme
Seine-Saint-Denis;OSER L'eCOLOGIE;PAILHAC Victor;3856;0,49;2,1;Ecologisme
Val-de-Marne;OSER L'eCOLOGIE;PAILHAC Victor;4840;0,62;2,11;Ecologisme
Val-d'Oise;OSER L'eCOLOGIE;PAILHAC Victor;4423;0,61;2,36;Ecologisme
Alpes-de-Haute-Provence;OUI LA PROVENCE!;GUERRERA Herve;1755;1,39;3,64;Gauche
Hautes-Alpes;OUI LA PROVENCE!;GUERRERA Herve;972;0,87;2,2;Gauche
Alpes-Maritimes;OUI LA PROVENCE!;GUERRERA Herve;4290;0,57;1,72;Gauche
Bouches-du-Rhone;OUI LA PROVENCE!;GUERRERA Herve;9155;0,66;2,14;Gauche
Var;OUI LA PROVENCE!;GUERRERA Herve;5701;0,72;2,26;Gauche
Vaucluse;OUI LA PROVENCE!;GUERRERA Herve;3336;0,83;2,49;Gauche
Guadeloupe;P G;BOREL-LINCERTIN Josette;15900;5,02;17,38;Gauche
Cher;PLUS FORT, ENSEMBLE !;BONNEAU Francois;18901;8,44;27,01;Gauche
Eure-et-Loir;PLUS FORT, ENSEMBLE !;BONNEAU Francois;19574;6,5;21,38;Gauche
Indre;PLUS FORT, ENSEMBLE !;BONNEAU Francois;13319;8,03;23,71;Gauche
Indre-et-Loire;PLUS FORT, ENSEMBLE !;BONNEAU Francois;32936;7,62;25,77;Gauche
Loir-et-Cher;PLUS FORT, ENSEMBLE !;BONNEAU Francois;17631;7,27;21,4;Gauche
Loiret;PLUS FORT, ENSEMBLE !;BONNEAU Francois;38775;8,61;27,52;Gauche
Ardennes;PLUS FORTS ENSEMBLE;ROTTNER Jean;23325;12,64;42,01;Droite
Aube;PLUS FORTS ENSEMBLE;ROTTNER Jean;22287;10,96;35,99;Droite
Marne;PLUS FORTS ENSEMBLE;ROTTNER Jean;41161;10,97;39,95;Droite
Haute-Marne;PLUS FORTS ENSEMBLE;ROTTNER Jean;15007;11,54;34,69;Droite
Meurthe-et-Moselle;PLUS FORTS ENSEMBLE;ROTTNER Jean;36328;7,46;26,31;Droite
Meuse;PLUS FORTS ENSEMBLE;ROTTNER Jean;13621;10,11;31,81;Droite
Moselle;PLUS FORTS ENSEMBLE;ROTTNER Jean;54787;7,39;29,17;Droite
Bas-Rhin;PLUS FORTS ENSEMBLE;ROTTNER Jean;61096;7,94;28;Droite
Haut-Rhin;PLUS FORTS ENSEMBLE;ROTTNER Jean;36735;6,97;25,72;Droite
Vosges;PLUS FORTS ENSEMBLE;ROTTNER Jean;31607;11,41;37,21;Droite
Cote-d'Or;POUR LA BOURGOGNE ET LA F;PLATRET Gilles;26606;7,43;21,42;Droite
Doubs;POUR LA BOURGOGNE ET LA F;PLATRET Gilles;22783;6,28;19,26;Droite
Jura;POUR LA BOURGOGNE ET LA F;PLATRET Gilles;13928;7,44;22,05;Droite
Nievre;POUR LA BOURGOGNE ET LA F;PLATRET Gilles;5183;3,36;10,38;Droite
Haute-Saone;POUR LA BOURGOGNE ET LA F;PLATRET Gilles;13226;7,49;19,81;Droite
Saone-et-Loire;POUR LA BOURGOGNE ET LA F;PLATRET Gilles;35656;8,93;28,68;Droite
Yonne;POUR LA BOURGOGNE ET LA F;PLATRET Gilles;14443;6,13;18,5;Droite
Territoire de Belfort;POUR LA BOURGOGNE ET LA F;PLATRET Gilles;5771;6,21;19,78;Droite
Aisne;UNION GAUCHE ECOLO;DELLI Karima;16676;4,48;13,4;Ecologisme
Nord;UNION GAUCHE ECOLO;DELLI Karima;118394;6,58;22,53;Ecologisme
Oise;UNION GAUCHE ECOLO;DELLI Karima;31216;5,58;17,9;Ecologisme
Pas-de-Calais;UNION GAUCHE ECOLO;DELLI Karima;61061;5,61;16,74;Ecologisme
Somme;UNION GAUCHE ECOLO;DELLI Karima;25057;6,16;17,74;Ecologisme
Cher;RASSEMBLEMENT NATIONAL;NIKOLIC Aleksandar;16672;7,45;23,82;Droite radicale et extreme droite
Eure-et-Loir;RASSEMBLEMENT NATIONAL;NIKOLIC Aleksandar;23303;7,73;25,46;Droite radicale et extreme droite
Indre;RASSEMBLEMENT NATIONAL;NIKOLIC Aleksandar;11979;7,22;21,33;Droite radicale et extreme droite
Indre-et-Loire;RASSEMBLEMENT NATIONAL;NIKOLIC Aleksandar;23592;5,46;18,46;Droite radicale et extreme droite
Loir-et-Cher;RASSEMBLEMENT NATIONAL;NIKOLIC Aleksandar;18259;7,53;22,16;Droite radicale et extreme droite
Loiret;RASSEMBLEMENT NATIONAL;NIKOLIC Aleksandar;32684;7,25;23,2;Droite radicale et extreme droite
Cote-d'Or;POUR UNE REGION QUI VOUS;ODOUL Julien;27353;7,63;22,02;Droite radicale et extreme droite
Doubs;POUR UNE REGION QUI VOUS;ODOUL Julien;26585;7,33;22,47;Droite radicale et extreme droite
Jura;POUR UNE REGION QUI VOUS;ODOUL Julien;12985;6,94;20,56;Droite radicale et extreme droite
Nievre;POUR UNE REGION QUI VOUS;ODOUL Julien;11500;7,44;23,03;Droite radicale et extreme droite
Haute-Saone;POUR UNE REGION QUI VOUS;ODOUL Julien;18011;10,19;26,98;Droite radicale et extreme droite
Saone-et-Loire;POUR UNE REGION QUI VOUS;ODOUL Julien;24672;6,18;19,85;Droite radicale et extreme droite
Yonne;POUR UNE REGION QUI VOUS;ODOUL Julien;23538;9,99;30,15;Droite radicale et extreme droite
Territoire de Belfort;POUR UNE REGION QUI VOUS;ODOUL Julien;6981;7,52;23,93;Droite radicale et extreme droite
Loire-Atlantique;POUR UNE REGION QUI VOUS;JUVIN Herve;33779;3,28;10,97;Droite radicale et extreme droite
Maine-et-Loire;POUR UNE REGION QUI VOUS;JUVIN Herve;19070;3,3;11,84;Droite radicale et extreme droite
Mayenne;POUR UNE REGION QUI VOUS;JUVIN Herve;7138;3,2;10,54;Droite radicale et extreme droite
Sarthe;POUR UNE REGION QUI VOUS;JUVIN Herve;16451;4,02;14,4;Droite radicale et extreme droite
Vendee;POUR UNE REGION QUI VOUS;JUVIN Herve;25513;4,77;15,72;Droite radicale et extreme droite
Calvados;POUR VOUS, AVEC VOUS;KERBARH Stephanie;1477;0,29;0,89;Centre
Eure;POUR VOUS, AVEC VOUS;KERBARH Stephanie;1292;0,3;0,96;Centre
Manche;POUR VOUS, AVEC VOUS;KERBARH Stephanie;890;0,23;0,76;Centre
Orne;POUR VOUS, AVEC VOUS;KERBARH Stephanie;698;0,34;1,04;Centre
Seine-Maritime;POUR VOUS, AVEC VOUS;KERBARH Stephanie;3614;0,41;1,34;Centre
Paris;POUVOIR VIVRE EN IDF;AUTAIN Clementine;52839;4;11,74;Gauche radicale et extreme gauche
Seine-et-Marne;POUVOIR VIVRE EN IDF;AUTAIN Clementine;19535;2,2;8,2;Gauche radicale et extreme gauche
Yvelines;POUVOIR VIVRE EN IDF;AUTAIN Clementine;17950;1,88;5,7;Gauche radicale et extreme gauche
Essonne;POUVOIR VIVRE EN IDF;AUTAIN Clementine;21989;2,76;9,42;Gauche radicale et extreme gauche
Hauts-de-Seine;POUVOIR VIVRE EN IDF;AUTAIN Clementine;26614;2,72;7,95;Gauche radicale et extreme gauche
Seine-Saint-Denis;POUVOIR VIVRE EN IDF;AUTAIN Clementine;36515;4,65;19,93;Gauche radicale et extreme gauche
Val-de-Marne;POUVOIR VIVRE EN IDF;AUTAIN Clementine;29933;3,81;13,08;Gauche radicale et extreme gauche
Val-d'Oise;POUVOIR VIVRE EN IDF;AUTAIN Clementine;17081;2,34;9,12;Gauche radicale et extreme gauche
Loire-Atlantique;PRINTEMPS DES PDL;GAROT Guillaume;55440;5,38;18;Gauche
Maine-et-Loire;PRINTEMPS DES PDL;GAROT Guillaume;18559;3,21;11,53;Gauche
Mayenne;PRINTEMPS DES PDL;GAROT Guillaume;24399;10,93;36,02;Gauche
Sarthe;PRINTEMPS DES PDL;GAROT Guillaume;16631;4,07;14,55;Gauche
Vendee;PRINTEMPS DES PDL;GAROT Guillaume;17664;3,31;10,89;Gauche
Alpes-de-Haute-Provence;DEBOUT LA FRANCE;CHUISANO Noël;1521;1,2;3,16;Droite radicale et extreme droite
Hautes-Alpes;DEBOUT LA FRANCE;CHUISANO Noël;1120;1;2,54;Droite radicale et extreme droite
Alpes-Maritimes;DEBOUT LA FRANCE;CHUISANO Noël;8182;1,08;3,28;Droite radicale et extreme droite
Bouches-du-Rhone;DEBOUT LA FRANCE;CHUISANO Noël;10367;0,75;2,42;Droite radicale et extreme droite
Var;DEBOUT LA FRANCE;CHUISANO Noël;6922;0,87;2,74;Droite radicale et extreme droite
Vaucluse;DEBOUT LA FRANCE;CHUISANO Noël;3092;0,77;2,31;Droite radicale et extreme droite
Calvados;RASSEMBLEMENT DE LA GAUCH;JUMEL Sebastien;9794;1,95;5,92;Gauche radicale et extreme gauche
Eure;RASSEMBLEMENT DE LA GAUCH;JUMEL Sebastien;9577;2,24;7,08;Gauche radicale et extreme gauche
Manche;RASSEMBLEMENT DE LA GAUCH;JUMEL Sebastien;6518;1,72;5,54;Gauche radicale et extreme gauche
Orne;RASSEMBLEMENT DE LA GAUCH;JUMEL Sebastien;3288;1,6;4,92;Gauche radicale et extreme gauche
Seine-Maritime;RASSEMBLEMENT DE LA GAUCH;JUMEL Sebastien;43600;5;16,16;Gauche radicale et extreme gauche
La Reunion;RASSEMBLEMENT NATIONAL;RIVIERE Joseph;4012;0,6;1,74;Droite radicale et extreme droite
Ardennes;RASSEMBLEMENT ACAL;JACOBELLI Laurent;12072;6,54;21,74;Droite radicale et extreme droite
Aube;RASSEMBLEMENT ACAL;JACOBELLI Laurent;15935;7,84;25,73;Droite radicale et extreme droite
Marne;RASSEMBLEMENT ACAL;JACOBELLI Laurent;23232;6,19;22,55;Droite radicale et extreme droite
Haute-Marne;RASSEMBLEMENT ACAL;JACOBELLI Laurent;11148;8,58;25,77;Droite radicale et extreme droite
Meurthe-et-Moselle;RASSEMBLEMENT ACAL;JACOBELLI Laurent;30225;6,21;21,89;Droite radicale et extreme droite
Meuse;RASSEMBLEMENT ACAL;JACOBELLI Laurent;10461;7,77;24,43;Droite radicale et extreme droite
Moselle;RASSEMBLEMENT ACAL;JACOBELLI Laurent;44898;6,06;23,91;Droite radicale et extreme droite
Bas-Rhin;RASSEMBLEMENT ACAL;JACOBELLI Laurent;36607;4,76;16,78;Droite radicale et extreme droite
Haut-Rhin;RASSEMBLEMENT ACAL;JACOBELLI Laurent;24758;4,69;17,34;Droite radicale et extreme droite
Vosges;RASSEMBLEMENT ACAL;JACOBELLI Laurent;18439;6,66;21,71;Droite radicale et extreme droite
Ariege;RASSEMBLER L'OCC;GARRAUD Jean-Paul;8269;7,03;17,38;Droite radicale et extreme droite
Aude;RASSEMBLER L'OCC;GARRAUD Jean-Paul;28559;10,42;27,69;Droite radicale et extreme droite
Aveyron;RASSEMBLER L'OCC;GARRAUD Jean-Paul;11381;5,23;12,74;Droite radicale et extreme droite
Gard;RASSEMBLER L'OCC;GARRAUD Jean-Paul;55218;10,16;31,75;Droite radicale et extreme droite
Haute-Garonne;RASSEMBLER L'OCC;GARRAUD Jean-Paul;53263;5,94;16,62;Droite radicale et extreme droite
Gers;RASSEMBLER L'OCC;GARRAUD Jean-Paul;10390;7,15;16,8;Droite radicale et extreme droite
Herault;RASSEMBLER L'OCC;GARRAUD Jean-Paul;74861;9,13;28,42;Droite radicale et extreme droite
Lot;RASSEMBLER L'OCC;GARRAUD Jean-Paul;5508;4,03;9,56;Droite radicale et extreme droite
Lozere;RASSEMBLER L'OCC;GARRAUD Jean-Paul;3687;6,21;13,62;Droite radicale et extreme droite
Hautes-Pyrenees;RASSEMBLER L'OCC;GARRAUD Jean-Paul;10466;5,94;15,81;Droite radicale et extreme droite
Pyrenees-Orientales;RASSEMBLER L'OCC;GARRAUD Jean-Paul;39516;11,16;33,25;Droite radicale et extreme droite
Tarn;RASSEMBLER L'OCC;GARRAUD Jean-Paul;22937;7,82;20,98;Droite radicale et extreme droite
Tarn-et-Garonne;RASSEMBLER L'OCC;GARRAUD Jean-Paul;17199;9,29;24,5;Droite radicale et extreme droite
Martinique;RENAISSANCE MARTINIQUE;ORVILLE Max;1379;0,45;1,44;Centre
Martinique;RESPE;SELLAYE Marcel;661;0,22;0,69;Gauche radicale et extreme gauche
Guadeloupe;R LA G;PETRO Sonia, Iabelle;3370;1,06;3,68;Droite
Aisne;SE BATTRE POUR VOUS !;BERTRAND Xavier;60676;16,31;48,75;Droite
Nord;SE BATTRE POUR VOUS !;BERTRAND Xavier;204548;11,36;38,93;Droite
Oise;SE BATTRE POUR VOUS !;BERTRAND Xavier;73145;13,07;41,94;Droite
Pas-de-Calais;SE BATTRE POUR VOUS !;BERTRAND Xavier;150433;13,82;41,24;Droite
Somme;SE BATTRE POUR VOUS !;BERTRAND Xavier;62266;15,32;44,08;Droite
Guadeloupe;S G;CORIOLAN Eric;2638;0,83;2,88;Autre
Ardennes;STOP GRAND EST;MEYER Martin;350;0,19;0,63;Centre
Aube;STOP GRAND EST;MEYER Martin;7;0;0,01;Centre
Marne;STOP GRAND EST;MEYER Martin;579;0,15;0,56;Centre
Haute-Marne;STOP GRAND EST;MEYER Martin;439;0,34;1,01;Centre
Meurthe-et-Moselle;STOP GRAND EST;MEYER Martin;939;0,19;0,68;Centre
Meuse;STOP GRAND EST;MEYER Martin;393;0,29;0,92;Centre
Moselle;STOP GRAND EST;MEYER Martin;2282;0,31;1,22;Centre
Bas-Rhin;STOP GRAND EST;MEYER Martin;21457;2,79;9,83;Centre
Haut-Rhin;STOP GRAND EST;MEYER Martin;12381;2,35;8,67;Centre
Vosges;STOP GRAND EST;MEYER Martin;741;0,27;0,87;Centre
Martinique;TOUS POUR LA MARTINIQUE;MONPLAISIR Ralph Donald Yves;1042;0,34;1,09;Centre
Cotes-d'Armor;TOUS UNIS;ELAHIAR Kamel;100;0,02;0,06;Centre
Finistere;TOUS UNIS;ELAHIAR Kamel;214;0,03;0,09;Centre
Ille-et-Vilaine;TOUS UNIS;ELAHIAR Kamel;442;0,06;0,18;Centre
Morbihan;TOUS UNIS;ELAHIAR Kamel;274;0,05;0,14;Centre
Cotes-d'Armor;UN NoTRE MONDE;DAVIET Christophe;838;0,18;0,49;Autre
Finistere;UN NoTRE MONDE;DAVIET Christophe;1320;0,19;0,56;Autre
Ille-et-Vilaine;UN NoTRE MONDE;DAVIET Christophe;931;0,12;0,37;Autre
Morbihan;UN NoTRE MONDE;DAVIET Christophe;1109;0,19;0,57;Autre
Alpes-de-Haute-Provence;UN NoTRE MONDE;VINCENZI Mikael;129;0,1;0,27;Autre
Hautes-Alpes;UN NoTRE MONDE;VINCENZI Mikael;52;0,05;0,12;Autre
Alpes-Maritimes;UN NoTRE MONDE;VINCENZI Mikael;1071;0,14;0,43;Autre
Bouches-du-Rhone;UN NoTRE MONDE;VINCENZI Mikael;701;0,05;0,16;Autre
Var;UN NoTRE MONDE;VINCENZI Mikael;617;0,08;0,24;Autre
Vaucluse;UN NoTRE MONDE;VINCENZI Mikael;268;0,07;0,2;Autre
Loire-Atlantique;UN NoTRE MONDE;RIGAUDEAU Linda;2674;0,26;0,87;Autre
Maine-et-Loire;UN NoTRE MONDE;RIGAUDEAU Linda;567;0,1;0,35;Autre
Mayenne;UN NoTRE MONDE;RIGAUDEAU Linda;271;0,12;0,4;Autre
Sarthe;UN NoTRE MONDE;RIGAUDEAU Linda;495;0,12;0,43;Autre
Vendee;UN NoTRE MONDE;RIGAUDEAU Linda;838;0,16;0,52;Autre
Corse-du-Sud;UN SOFFIU NOVU;MARCANGELI Laurent;18607;16,58;29,9;Droite
Haute-Corse;UN SOFFIU NOVU;MARCANGELI Laurent;14825;11,62;20,52;Droite
Cotes-d'Armor;RASSEMBLEMENT NATIONAL;PENNELLE Gilles;24009;5,21;14,01;Droite radicale et extreme droite
Finistere;RASSEMBLEMENT NATIONAL;PENNELLE Gilles;32501;4,69;13,8;Droite radicale et extreme droite
Ille-et-Vilaine;RASSEMBLEMENT NATIONAL;PENNELLE Gilles;31627;4,23;12,7;Droite radicale et extreme droite
Morbihan;RASSEMBLEMENT NATIONAL;PENNELLE Gilles;33315;5,62;17,05;Droite radicale et extreme droite
Charente;URSF-RN;DIAZ Edwige;15617;6,15;19,57;Droite radicale et extreme droite
Charente-Maritime;URSF-RN;DIAZ Edwige;35210;7,01;21,81;Droite radicale et extreme droite
Correze;URSF-RN;DIAZ Edwige;10858;5,92;15,05;Droite radicale et extreme droite
Creuse;URSF-RN;DIAZ Edwige;5188;5,72;15,55;Droite radicale et extreme droite
Dordogne;URSF-RN;DIAZ Edwige;23170;7,43;19,42;Droite radicale et extreme droite
Gironde;URSF-RN;DIAZ Edwige;69084;6,2;19,12;Droite radicale et extreme droite
Landes;URSF-RN;DIAZ Edwige;18950;5,95;15,43;Droite radicale et extreme droite
Lot-et-Garonne;URSF-RN;DIAZ Edwige;20914;8,77;23,71;Droite radicale et extreme droite
Pyrenees-Atlantiques;URSF-RN;DIAZ Edwige;25291;5;13,5;Droite radicale et extreme droite
Deux-Sevres;URSF-RN;DIAZ Edwige;13552;5,03;16,73;Droite radicale et extreme droite
Vienne;URSF-RN;DIAZ Edwige;17753;5,87;18,48;Droite radicale et extreme droite
Haute-Vienne;URSF-RN;DIAZ Edwige;16184;6,22;17,82;Droite radicale et extreme droite
Aisne;UNE REGION FIERE FORTE;EVRARD Jose;2334;0,63;1,88;Droite radicale et extreme droite
Nord;UNE REGION FIERE FORTE;EVRARD Jose;9758;0,54;1,86;Droite radicale et extreme droite
Oise;UNE REGION FIERE FORTE;EVRARD Jose;3930;0,7;2,25;Droite radicale et extreme droite
Pas-de-Calais;UNE REGION FIERE FORTE;EVRARD Jose;8378;0,77;2,3;Droite radicale et extreme droite
Somme;UNE REGION FIERE FORTE;EVRARD Jose;2805;0,69;1,99;Droite radicale et extreme droite
Aisne;AVEC SEBASTIEN CHENU;CHENU Sebastien;32285;8,68;25,94;Droite radicale et extreme droite
Nord;AVEC SEBASTIEN CHENU;CHENU Sebastien;119248;6,62;22,69;Droite radicale et extreme droite
Oise;AVEC SEBASTIEN CHENU;CHENU Sebastien;44384;7,93;25,45;Droite radicale et extreme droite
Pas-de-Calais;AVEC SEBASTIEN CHENU;CHENU Sebastien;96326;8,85;26,4;Droite radicale et extreme droite
Somme;AVEC SEBASTIEN CHENU;CHENU Sebastien;32017;7,88;22,67;Droite radicale et extreme droite
Loire-Atlantique;UNION DE LA DROITE ET DU;MORANcAIS Christelle;90186;8,75;29,28;Droite
Maine-et-Loire;UNION DE LA DROITE ET DU;MORANcAIS Christelle;56847;9,83;35,3;Droite
Mayenne;UNION DE LA DROITE ET DU;MORANcAIS Christelle;21106;9,45;31,16;Droite
Sarthe;UNION DE LA DROITE ET DU;MORANcAIS Christelle;45854;11,21;40,12;Droite
Vendee;UNION DE LA DROITE ET DU;MORANcAIS Christelle;64955;12,15;40,03;Droite
Cher;UNION DE LA DROITE, DU CE;FORISSIER Nicolas;14288;6,38;20,42;Droite
Eure-et-Loir;UNION DE LA DROITE, DU CE;FORISSIER Nicolas;16177;5,37;17,67;Droite
Indre;UNION DE LA DROITE, DU CE;FORISSIER Nicolas;16068;9,69;28,6;Droite
Indre-et-Loire;UNION DE LA DROITE, DU CE;FORISSIER Nicolas;24167;5,59;18,91;Droite
Loir-et-Cher;UNION DE LA DROITE, DU CE;FORISSIER Nicolas;12757;5,26;15,48;Droite
Loiret;UNION DE LA DROITE, DU CE;FORISSIER Nicolas;23574;5,23;16,73;Droite
Ain;UNION ESSENTIELLE;GILL Shella;628;0,15;0,48;Autre
Allier;UNION ESSENTIELLE;GILL Shella;483;0,2;0,56;Autre
Ardeche;UNION ESSENTIELLE;GILL Shella;514;0,2;0,57;Autre
Cantal;UNION ESSENTIELLE;GILL Shella;151;0,13;0,33;Autre
Drome;UNION ESSENTIELLE;GILL Shella;1266;0,34;1,03;Autre
Isere;UNION ESSENTIELLE;GILL Shella;1928;0,22;0,72;Autre
Loire;UNION ESSENTIELLE;GILL Shella;1057;0,21;0,72;Autre
Haute-Loire;UNION ESSENTIELLE;GILL Shella;318;0,18;0,45;Autre
Puy-de-Dome;UNION ESSENTIELLE;GILL Shella;1020;0,22;0,64;Autre
Rhone;UNION ESSENTIELLE;GILL Shella;2307;0,2;0,68;Autre
Savoie;UNION ESSENTIELLE;GILL Shella;667;0,21;0,66;Autre
Haute-Savoie;UNION ESSENTIELLE;GILL Shella;859;0,16;0,57;Autre
Ariege;UNION ESSENTIELLE;LE BOURSICAUD Anthony;364;0,31;0,77;Autre
Aude;UNION ESSENTIELLE;LE BOURSICAUD Anthony;193;0,07;0,19;Autre
Aveyron;UNION ESSENTIELLE;LE BOURSICAUD Anthony;367;0,17;0,41;Autre
Gard;UNION ESSENTIELLE;LE BOURSICAUD Anthony;799;0,15;0,46;Autre
Haute-Garonne;UNION ESSENTIELLE;LE BOURSICAUD Anthony;701;0,08;0,22;Autre
Gers;UNION ESSENTIELLE;LE BOURSICAUD Anthony;89;0,06;0,14;Autre
Herault;UNION ESSENTIELLE;LE BOURSICAUD Anthony;1815;0,22;0,69;Autre
Lot;UNION ESSENTIELLE;LE BOURSICAUD Anthony;111;0,08;0,19;Autre
Lozere;UNION ESSENTIELLE;LE BOURSICAUD Anthony;36;0,06;0,13;Autre
Hautes-Pyrenees;UNION ESSENTIELLE;LE BOURSICAUD Anthony;82;0,05;0,12;Autre
Pyrenees-Orientales;UNION ESSENTIELLE;LE BOURSICAUD Anthony;1029;0,29;0,87;Autre
Tarn;UNION ESSENTIELLE;LE BOURSICAUD Anthony;120;0,04;0,11;Autre
Tarn-et-Garonne;UNION ESSENTIELLE;LE BOURSICAUD Anthony;503;0,27;0,72;Autre
Guyane;UNIS ET ENGAGeS POUR NOTR;ALEXANDRE Rodolphe;15020;14,75;43,71;Droite
Calvados;VIVRE LA NORMANDIE;MORIN Herve;69725;13,91;42,13;Droite
Eure;VIVRE LA NORMANDIE;MORIN Herve;51243;11,98;37,88;Droite
Manche;VIVRE LA NORMANDIE;MORIN Herve;49051;12,92;41,72;Droite
Orne;VIVRE LA NORMANDIE;MORIN Herve;29434;14,36;44,05;Droite
Seine-Maritime;VIVRE LA NORMANDIE;MORIN Herve;78810;9,05;29,22;Droite
Alpes-de-Haute-Provence;ZOU!;LAUPIES Valerie;861;0,68;1,79;Droite radicale et extreme droite
Hautes-Alpes;ZOU!;LAUPIES Valerie;744;0,67;1,68;Droite radicale et extreme droite
Alpes-Maritimes;ZOU!;LAUPIES Valerie;3578;0,47;1,43;Droite radicale et extreme droite
Bouches-du-Rhone;ZOU!;LAUPIES Valerie;7010;0,51;1,64;Droite radicale et extreme droite
Var;ZOU!;LAUPIES Valerie;4197;0,53;1,66;Droite radicale et extreme droite
Vaucluse;ZOU!;LAUPIES Valerie;2756;0,68;2,06;Droite radicale et extreme droite